id,split,artist,name,year,genre,section,reference_midi,youtube_id,start_sec,end_sec,duration_sec,notes_keyboard,notes_guitar,notes_bass,notes_drums,notes_vocal,notes_other,families_present
ANmpGEL-oyM,dev,Weezer,El Scorcho,1996,modern rock,Bridge,data/datasets/multtipop/dev/ANmpGEL-oyM/aligned.mid,okthJIVbi6g,122.670,149.160,26.490,0,515,257,201,87,0,3
ANmpGppnoyM,dev,Rush,Fly By Night,1975,album rock,Chorus,data/datasets/multtipop/dev/ANmpGppnoyM/aligned.mid,nEVDZl5UvN4,35.860,50.740,14.880,0,280,92,114,35,0,3
ANmpMKaOgyM,dev,Kiss,Rock And Roll All Nite,1975,glam rock,Pre-Chorus,data/datasets/multtipop/dev/ANmpMKaOgyM/aligned.mid,f-S3X2saSwM,39.665,46.333,6.668,14,32,15,61,12,0,4
ANmpMzX-gyM,dev,Andrea True Connection,More More More,1976,,Chorus,data/datasets/multtipop/dev/ANmpMzX-gyM/aligned.mid,73RYirgeLV4,61.895,79.132,17.237,150,88,30,226,0,117,4
ANmpr-pOxyM,dev,ItaloBrothers,Stamp on the Ground,2009,italo dance,Intro,data/datasets/multtipop/dev/ANmpr-pOxyM/aligned.mid,cHcVU5cGUNE,4.730,18.489,13.759,50,0,1,0,1,6,2
ANmprMlnxyM,dev,Weezer,Island in the Sun,2001,modern rock,Chorus,data/datasets/multtipop/dev/ANmprMlnxyM/aligned.mid,erG5rgNYSdk,34.055,51.765,17.711,0,315,54,107,0,54,3
ANmpwdDboyM,dev,Taylor Swift,Fifteen,2009,pop,Bridge,data/datasets/multtipop/dev/ANmpwdDboyM/aligned.mid,rLCol1C3ouc,180.859,219.593,38.734,0,969,43,200,83,123,3
ANmpwdaEoyM,dev,Taylor Swift,Love Story,2008,pop,Chorus,data/datasets/multtipop/dev/ANmpwdaEoyM/aligned.mid,aXzVF3XeS8M,64.108,81.243,17.135,0,339,27,178,58,3,3
AQodeNyBmDl,dev,Britney Spears,Born to make you happy,1999,dance pop,Pre-Chorus,data/datasets/multtipop/dev/AQodeNyBmDl/aligned.mid,Yy5cKX4jBkQ,46.018,58.378,12.359,25,61,47,150,0,16,4
AaoGQGwPgeQ,dev,Legiao Urbana,Vento no Litoral,1986,rock brasiliense,Verse,data/datasets/multtipop/dev/AaoGQGwPgeQ/aligned.mid,1E4-02Q_On8,33.880,67.080,33.200,0,337,38,103,0,99,3
Abm__LZLmak,dev,Commodores,Easy,1977,motown,Chorus,data/datasets/multtipop/dev/Abm__LZLmak/aligned.mid,7XcTyEKSnYg,42.880,76.540,33.660,322,71,29,336,0,129,4
Abm_bYrLoak,dev,Bon Jovi,Living On A Prayer,1986,,Chorus,data/datasets/multtipop/dev/Abm_bYrLoak/aligned.mid,lDK9QqIzhwk,93.442,109.949,16.506,42,76,124,75,0,133,4
Abm_ppZQgak,dev,Electric Light Orchestra,Mr Blue Sky,1977,,Chorus Lead-Out,data/datasets/multtipop/dev/Abm_ppZQgak/aligned.mid,s7dTBoW5H9k,116.003,127.752,11.749,121,21,15,38,0,237,4
BAaoGEKBgeQ,dev,Enrique Iglesias,Escape,2001,mexican pop,Chorus,data/datasets/multtipop/dev/BAaoGEKBgeQ/aligned.mid,9mQJaXwGPlg,38.360,54.600,16.240,63,120,55,185,0,164,4
DpgvQ-rDmad,dev,Billy Joel,The Stranger,1977,mellow gold,Instrumental,data/datasets/multtipop/dev/DpgvQ-rDmad/aligned.mid,E5ofVsxTPoc,0.076,26.214,26.138,90,0,14,0,0,0,2
DpgvQJPemad,dev,Taylor Swift,Fifteen,2009,pop,Verse,data/datasets/multtipop/dev/DpgvQJPemad/aligned.mid,rLCol1C3ouc,10.040,53.756,43.717,0,1164,25,225,90,178,3
DpgvRBpBgad,dev,Alice Cooper,School's Out,1972,hard rock,Chorus,data/datasets/multtipop/dev/DpgvRBpBgad/aligned.mid,RWgTD_0jxeE,43.443,51.463,8.020,0,92,32,47,6,0,3
DpgvROZLgad,dev,Electric Light Orchestra,Sweet Talkin' Woman,1978,art rock,Chorus,data/datasets/multtipop/dev/DpgvROZLgad/aligned.mid,NNjrBUzXDJk,48.292,70.956,22.664,138,276,148,342,66,109,4
DpgvRrakgad,dev,Daniel Powter,Bad Day,2005,neo mellow,Chorus,data/datasets/multtipop/dev/DpgvRrakgad/aligned.mid,gH476CxJxfg,58.983,90.781,31.798,183,118,94,335,0,162,4
DpgvzAkLgad,dev,Cyndi Lauper,True Colors,1986,new wave pop,Chorus,data/datasets/multtipop/dev/DpgvzAkLgad/aligned.mid,LPn0KFlbqX8,43.927,72.825,28.898,0,176,26,132,0,135,3
EzngRZBagJj,dev,The Rolling Stones,Angie,1973,rock,Intro,data/datasets/multtipop/dev/EzngRZBagJj/aligned.mid,RcZn2-bGXqQ,3.020,23.180,20.160,4,54,0,0,0,0,2
EzngRzEegJj,dev,The Temptations,Ain't Too Proud to Beg,1966,motown,Verse,data/datasets/multtipop/dev/EzngRzEegJj/aligned.mid,CtLpvH_MOx0,31.330,50.400,19.070,42,38,17,160,0,97,4
JNgqBDqexrz,dev,Sarah McLachlan,Adia,1998,lilith,Verse and Pre-Chorus,data/datasets/multtipop/dev/JNgqBDqexrz/aligned.mid,Q5wW8N4pt3U,35.080,70.850,35.770,267,463,58,262,0,74,4
JNgqLpEWmrz,dev,Hole,Celebrity Skin,1998,grunge,Verse,data/datasets/multtipop/dev/JNgqLpEWmrz/aligned.mid,O3dWBLoU--E,2.934,18.220,15.286,0,150,32,103,0,28,3
JNgqrVXExrz,dev,Bon Jovi,Runaway,1984,rock,Intro,data/datasets/multtipop/dev/JNgqrVXExrz/aligned.mid,s86K-p089R8,27.028,40.374,13.346,193,7,199,22,0,0,4
JNgqyyLEgrz,dev,Oasis,Wonderwall,1995,madchester,Chorus,data/datasets/multtipop/dev/JNgqyyLEgrz/aligned.mid,FVdjZYfDuLE,87.961,110.859,22.898,36,160,74,244,0,44,4
JkmZBLQamqn,dev,Nirvana,Smells Like Teen Spirit,1991,rock,Instrumental,data/datasets/multtipop/dev/JkmZBLQamqn/aligned.mid,hTWKbfoikeg,91.367,100.693,9.327,4,6,35,32,0,0,4
JkmZJDMJmqn,dev,Jessica Simpson,I Think I'm In Love With You,2000,dance pop,Chorus,data/datasets/multtipop/dev/JkmZJDMJmqn/aligned.mid,U7uxf8kBBlg,46.510,67.960,21.450,97,78,34,220,0,168,4
JkmZPvYZxqn,dev,The Doobie Brothers,Long Train Runnin',1973,mellow gold,Pre-Chorus and Chorus,data/datasets/multtipop/dev/JkmZPvYZxqn/aligned.mid,HP_NE4XZGAc,25.360,42.870,17.510,0,602,49,354,0,33,3
JkmZRaQ-mqn,dev,Britney Spears,Born to make you happy,1999,dance pop,Verse,data/datasets/multtipop/dev/JkmZRaQ-mqn/aligned.mid,Yy5cKX4jBkQ,23.169,46.938,23.769,51,90,0,299,0,6,3
JkmZZNkamqn,dev,Taylor Swift,Fearless,2008,pop,Intro and Verse,data/datasets/multtipop/dev/JkmZZNkamqn/aligned.mid,7lLigiVgJsE,9.845,39.703,29.858,6,764,10,260,0,80,4
JkmZkVPZgqn,dev,Brian May,Too Much Love Will Kill You,1992,glam rock,Verse,data/datasets/multtipop/dev/JkmZkVPZgqn/aligned.mid,d5vYn6m934Y,42.121,67.770,25.649,155,0,15,35,0,90,3
JkmZrBM-mqn,dev,Heart,Barracuda,1977,album rock,Intro,data/datasets/multtipop/dev/JkmZrBM-mqn/aligned.mid,PeMvMNpvB5M,14.382,22.264,7.882,0,71,1,10,0,27,3
JkmZrGdPmqn,dev,REO Speedwagon,Take It on the Run,1981,album rock,Verse,data/datasets/multtipop/dev/JkmZrGdPmqn/aligned.mid,t7Csc6l4QLs,75.492,101.029,25.537,0,239,47,120,57,0,3
KexEDQGVg_B,dev,The Police,So Lonely,1978,permanent wave,Chorus,data/datasets/multtipop/dev/KexEDQGVg_B/aligned.mid,MX6MvV8cbh8,50.767,63.746,12.979,0,153,0,113,0,72,2
KexE_ENem_B,dev,The B-52's,Rock Lobster,1978,dance rock,Chorus,data/datasets/multtipop/dev/KexE_ENem_B/aligned.mid,Oh5J33KAaqw,21.268,43.734,22.466,102,130,33,0,0,16,3
KexElG-Lg_B,dev,Suzanne Vega,Luka,1987,lilith,Verse,data/datasets/multtipop/dev/KexElG-Lg_B/aligned.mid,VZt7J0iaUD0,24.764,40.890,16.126,0,48,17,107,0,33,3
KexEwGQem_B,dev,Arctic Monkeys,Fluorescent Adolescent,2007,modern rock,Intro,data/datasets/multtipop/dev/KexEwGQem_B/aligned.mid,ma9I9VBKPiw,6.454,15.920,9.466,0,163,24,52,6,0,3
LAgQBLKlxyO,dev,Nirvana,Smells Like Teen Spirit,1991,rock,Pre-Chorus,data/datasets/multtipop/dev/LAgQBLKlxyO/aligned.mid,hTWKbfoikeg,42.166,59.640,17.473,0,103,66,128,0,42,3
LAgQNyjRxyO,dev,The Cure,Just Like Heaven,1987,permanent wave,Solo,data/datasets/multtipop/dev/LAgQNyjRxyO/aligned.mid,n3nPiBai66M,25.438,51.635,26.198,0,878,96,235,0,31,3
LAgQdXzemyO,dev,Daniel Powter,Bad Day,2005,neo mellow,Verse,data/datasets/multtipop/dev/LAgQdXzemyO/aligned.mid,gH476CxJxfg,7.520,35.938,28.418,136,0,3,0,0,70,2
LAgQd_eAmyO,dev,Hole,Celebrity Skin,1998,grunge,Chorus,data/datasets/multtipop/dev/LAgQd_eAmyO/aligned.mid,O3dWBLoU--E,17.187,32.407,15.220,0,378,64,145,0,39,3
LAgQlYqAmyO,dev,The Police,Don't Stand So Close To Me,1980,permanent wave,Verse,data/datasets/multtipop/dev/LAgQlYqAmyO/aligned.mid,KNIZofPB8ZM,35.690,50.293,14.604,0,152,37,79,0,6,3
Mkygz-YzmKB,dev,Ben Folds Five,Brick,1997,piano rock,Intro,data/datasets/multtipop/dev/Mkygz-YzmKB/aligned.mid,Wt5EHAqhR1c,-0.500,21.130,21.630,87,0,0,0,0,0,1
QLgnJwZyg-V,dev,Bon Jovi,Runaway,1984,rock,Verse,data/datasets/multtipop/dev/QLgnJwZyg-V/aligned.mid,s86K-p089R8,45.721,71.918,26.197,399,122,467,118,0,100,4
QLgnOXw_x-V,dev,Kiss,Rock And Roll All Nite,1975,glam rock,Verse,data/datasets/multtipop/dev/QLgnOXw_x-V/aligned.mid,f-S3X2saSwM,13.109,27.274,14.165,55,89,40,161,27,0,4
QLgnOzaPx-V,dev,Billy Joel,Pressure,1982,mellow gold,Instrumental,data/datasets/multtipop/dev/QLgnOzaPx-V/aligned.mid,Iyv905Q2omU,0.400,7.964,7.564,30,55,18,52,0,6,4
QLgnRGWYg-V,dev,John Travolta and Olivia Newton-John,Summer Nights,1978,,Chorus,data/datasets/multtipop/dev/QLgnRGWYg-V/aligned.mid,ZW0DfsCzfq4,92.780,109.320,16.540,192,36,44,122,0,88,4
QLgnpan_o-V,dev,Boston,More Than A Feeling,1976,album rock,Chorus,data/datasets/multtipop/dev/QLgnpan_o-V/aligned.mid,ufQUxoidxkM,50.366,77.614,27.248,0,439,0,198,0,43,2
QLgnqRJZm-V,dev,Taylor Swift,Fifteen,2009,pop,Chorus,data/datasets/multtipop/dev/QLgnqRJZm-V/aligned.mid,rLCol1C3ouc,52.741,86.379,33.638,0,1269,69,403,100,281,3
QLgnqWzEm-V,dev,Soul Asylum,Runaway Train,1993,pop rock,Verse,data/datasets/multtipop/dev/QLgnqWzEm-V/aligned.mid,NRtvqT_wMeY,16.468,50.047,33.580,0,699,61,201,0,21,3
QLgnqXapm-V,dev,Billy Joel,Rosalinda's Eyes,1978,mellow gold,Verse,data/datasets/multtipop/dev/QLgnqXapm-V/aligned.mid,LB-tkHD4uXU,23.555,36.484,12.929,76,46,34,177,0,22,4
QLgnqlqBm-V,dev,4 Non Blondes,What's Up,1993,pop rock,Chorus,data/datasets/multtipop/dev/QLgnqlqBm-V/aligned.mid,6NXnxTNIWkc,88.658,117.926,29.268,0,839,45,203,0,34,3
QLgnvepEg-V,dev,Natasha Bedingfield,These Words,2004,dance pop,Chorus,data/datasets/multtipop/dev/QLgnvepEg-V/aligned.mid,e5RuGj0g1tk,46.920,67.750,20.830,0,60,29,148,120,88,3
QLgnwAaYx-V,dev,Electric Light Orchestra,Confusion,1979,art rock,Verse,data/datasets/multtipop/dev/QLgnwAaYx-V/aligned.mid,V0tm6EbhFAg,19.753,37.845,18.092,101,171,55,105,34,79,4
ROmNAvMEoNw,dev,Enrique Iglesias,Love To See You Cry,2002,mexican pop,Chorus,data/datasets/multtipop/dev/ROmNAvMEoNw/aligned.mid,LWdwkdYPz-o,41.650,58.240,16.590,117,297,34,317,0,71,4
ROmNBVpEmNw,dev,The Moody Blues,Nights In White Satin,1967,art rock,Chorus,data/datasets/multtipop/dev/ROmNBVpEmNw/aligned.mid,iVusUjyby18,48.360,67.937,19.577,0,248,37,100,40,20,3
ROmNGYABgNw,dev,Jimmy Ruffin,What Becomes Of The Brokenhearted,1966,motown,Chorus,data/datasets/multtipop/dev/ROmNGYABgNw/aligned.mid,cQywZYoGB1g,46.220,66.760,20.540,190,58,49,124,40,31,4
ROmNKwQzgNw,dev,The Clash,Should I Stay or Should I Go,1982,permanent wave,Verse,data/datasets/multtipop/dev/ROmNKwQzgNw/aligned.mid,e7tWqyM3r-g,14.449,41.267,26.817,0,508,45,161,0,45,3
ROmNPYRBxNw,dev,Asia,Only Time Will Tell,1982,album rock,Chorus,data/datasets/multtipop/dev/ROmNPYRBxNw/aligned.mid,Z8alr_XJ0co,74.881,93.125,18.244,4,134,39,133,0,198,4
ROmN_OOAgNw,dev,Steve Miller Band,The Joker,1973,classic rock,Chorus,data/datasets/multtipop/dev/ROmN_OOAgNw/aligned.mid,dV3AziKTBUo,50.189,77.259,27.070,61,448,91,132,61,0,4
ROmNdJvzxNw,dev,Rush,Freewill,1980,album rock,Pre-Chorus,data/datasets/multtipop/dev/ROmNdJvzxNw/aligned.mid,V7bbdIU95zM,38.680,51.912,13.231,0,148,37,109,19,2,3
ROmNlpaQxNw,dev,Britney Spears,Born to make you happy,1999,dance pop,Chorus,data/datasets/multtipop/dev/ROmNlpaQxNw/aligned.mid,Yy5cKX4jBkQ,57.407,81.136,23.729,92,155,94,441,0,114,4
RPxeAyBNxb_,dev,Enrique Iglesias,Experiencia Religiosa,1995,mexican pop,Intro and Verse,data/datasets/multtipop/dev/RPxeAyBNxb_/aligned.mid,3DV57Y4tEAM,26.200,61.576,35.376,128,0,0,0,0,48,1
RPxeLnregb_,dev,Aerosmith,Dream On,1973,rock,Instrumental,data/datasets/multtipop/dev/RPxeLnregb_/aligned.mid,89dGC8de0CA,142.106,164.354,22.248,0,277,25,6,0,27,3
RPxeLwkLgb_,dev,U2,I Still Haven't Found What I'm Looking For,1987,permanent wave,Verse,data/datasets/multtipop/dev/RPxeLwkLgb_/aligned.mid,bJgXlwUb9GA,30.734,50.708,19.974,0,274,3,193,29,2,3
RPxeX-ezgb_,dev,4 Non Blondes,What's Up,1993,pop rock,Verse,data/datasets/multtipop/dev/RPxeX-ezgb_/aligned.mid,6NXnxTNIWkc,31.279,60.937,29.658,0,670,41,123,0,57,3
RPxeeLGAxb_,dev,Kiss,Beth,1976,glam rock,Verse,data/datasets/multtipop/dev/RPxeeLGAxb_/aligned.mid,rP1yzK2KKSs,15.994,33.543,17.550,79,0,3,0,0,49,2
RPxepXOLgb_,dev,Glenn Miller,In The Mood,1939,swing,Verse,data/datasets/multtipop/dev/RPxepXOLgb_/aligned.mid,dVh3ZzVDZik,11.987,30.207,18.220,314,0,0,146,0,431,2
RPxepkQNgb_,dev,John Travolta and Olivia Newton-John,Summer Nights,1978,,Verse,data/datasets/multtipop/dev/RPxepkQNgb_/aligned.mid,ZW0DfsCzfq4,34.677,51.086,16.409,90,38,39,122,0,8,4
Rzoj-LBMxDe,dev,Creed,Higher,1999,post-grunge,Chorus,data/datasets/multtipop/dev/Rzoj-LBMxDe/aligned.mid,J16lInLZRms,62.790,88.510,25.720,0,12,87,402,0,26,3
RzojXYvkgDe,dev,Rush,Tom Sawyer,1981,album rock,Intro,data/datasets/multtipop/dev/RzojXYvkgDe/aligned.mid,auLBLk4ibAk,6.274,25.002,18.729,0,24,16,148,18,30,3
Rzoj__LMmDe,dev,Electric Light Orchestra,Last Train To London,1979,art rock,Chorus,data/datasets/multtipop/dev/Rzoj__LMmDe/aligned.mid,qXXZMebT3m8,47.443,76.040,28.597,149,145,145,364,88,28,4
RzojpwEkgDe,dev,U2,I Still Haven't Found What I'm Looking For,1987,permanent wave,Chorus,data/datasets/multtipop/dev/RzojpwEkgDe/aligned.mid,bJgXlwUb9GA,66.624,86.463,19.840,0,139,48,268,22,70,3
RzojpyGNgDe,dev,Glenn Miller,In The Mood,1939,swing,Chorus,data/datasets/multtipop/dev/RzojpyGNgDe/aligned.mid,dVh3ZzVDZik,46.930,59.632,12.703,249,0,0,103,0,283,2
RzojyMMMxDe,dev,Steve Miller Band,The Joker,1973,classic rock,Verse,data/datasets/multtipop/dev/RzojyMMMxDe/aligned.mid,dV3AziKTBUo,3.207,27.620,24.413,0,105,75,111,38,0,3
RzojzrbnoDe,dev,The Moody Blues,Nights In White Satin,1967,art rock,Verse,data/datasets/multtipop/dev/RzojzrbnoDe/aligned.mid,iVusUjyby18,10.437,49.262,38.824,0,561,32,185,51,18,3
VMgJDdjWoqK,dev,REO Speedwagon,Take It on the Run,1981,album rock,Chorus,data/datasets/multtipop/dev/VMgJDdjWoqK/aligned.mid,t7Csc6l4QLs,50.618,76.396,25.778,0,219,45,114,49,0,3
VMgJJkKKgqK,dev,Heart,Barracuda,1977,album rock,Chorus,data/datasets/multtipop/dev/VMgJJkKKgqK/aligned.mid,PeMvMNpvB5M,50.685,72.608,21.924,0,112,57,157,88,37,3
VMgJ_zMDxqK,dev,Taylor Swift,Fearless,2008,pop,Chorus,data/datasets/multtipop/dev/VMgJ_zMDxqK/aligned.mid,7lLigiVgJsE,67.481,87.681,20.201,16,884,34,356,0,166,4
VMgJlORWoqK,dev,Four Tops,I Can't Help Myself (Sugar Pie Honey Bunch),1965,,Verse,data/datasets/multtipop/dev/VMgJlORWoqK/aligned.mid,8Jtokmp8zoE,11.168,27.148,15.980,61,109,114,129,0,106,4
VMgJnGKkgqK,dev,Judas Priest,Breaking The Law,1980,birmingham metal,Verse and Pre-Chorus,data/datasets/multtipop/dev/VMgJnGKkgqK/aligned.mid,L397TWLwrUU,14.720,39.150,24.430,0,280,125,213,55,0,3
VMgJzAPagqK,dev,Hamilton Joe Frank and Reynolds,Don't Pull Your Love,1971,bubblegum pop,Chorus,data/datasets/multtipop/dev/VMgJzAPagqK/aligned.mid,ZvNvbGfTYXM,13.020,33.210,20.190,161,59,40,126,0,165,4
Wegl-pEvxrY,dev,Oasis,Half The World Away,1994,madchester,Chorus,data/datasets/multtipop/dev/Wegl-pEvxrY/aligned.mid,Tiqxn3iOmxY,45.186,62.745,17.559,0,88,32,72,31,0,3
WeglrZaYorY,dev,The Charlie Daniels Band,The Devil Went Down to Georgia,1979,country rock,Intro,data/datasets/multtipop/dev/WeglrZaYorY/aligned.mid,sh7BZf7D5Bw,0.600,15.973,15.373,111,111,25,137,0,268,4
YAg-E-nwgle,dev,Dusty Springfield,I Only Want To Be With You,1963,british invasion,Verse,data/datasets/multtipop/dev/YAg-E-nwgle/aligned.mid,osVaF4t-zFc,7.280,29.950,22.670,227,458,52,308,0,126,4
YAg-O-EVole,dev,Alice Cooper,School's Out,1972,hard rock,Chorus Lead-Out,data/datasets/multtipop/dev/YAg-O-EVole/aligned.mid,RWgTD_0jxeE,64.573,87.033,22.460,95,47,57,153,24,0,4
YAg-lk-Bmle,dev,Alice Cooper,Poison,1989,hard rock,Chorus,data/datasets/multtipop/dev/YAg-lk-Bmle/aligned.mid,Qq4j1LtCdww,72.728,93.748,21.020,0,131,56,110,0,63,3
YAg-zOrAxle,dev,John Waite,Missing You,1984,soft rock,Chorus,data/datasets/multtipop/dev/YAg-zOrAxle/aligned.mid,k9e157Ner90,74.851,94.351,19.500,59,211,66,176,0,79,4
YRzojXEwgDe,dev,Yanni,One Man's Dream,1994,new age,Solo,data/datasets/multtipop/dev/YRzojXEwgDe/aligned.mid,STSzCX36U6o,0.010,21.170,21.160,190,0,0,0,0,4,1
ZOxVNwpaxdq,dev,The Association,Never My Love,1967,sunshine pop,Verse,data/datasets/multtipop/dev/ZOxVNwpaxdq/aligned.mid,32OSn3iNw9A,11.792,33.248,21.455,88,62,35,78,45,0,4
ZOxVnrqaxdq,dev,Kiss,I Was Made for Lovin' You,1979,glam rock,Chorus,data/datasets/multtipop/dev/ZOxVnrqaxdq/aligned.mid,ZhIsAZO5gl0,64.360,80.202,15.842,0,312,65,131,0,69,3
ZbgO_MywgnY,dev,Bonnie Tyler,Holding Out For A Hero,1984,europop,Instrumental,data/datasets/multtipop/dev/ZbgO_MywgnY/aligned.mid,lLFL4hyXV4U,6.150,19.810,13.660,181,0,54,168,0,74,3
ZbgO_yd_gnY,dev,Taylor Swift,Love Story,2008,pop,Pre-Chorus,data/datasets/multtipop/dev/ZbgO_yd_gnY/aligned.mid,aXzVF3XeS8M,47.957,65.056,17.100,0,277,25,97,44,67,3
ZwxKDdpjoed,dev,Dash Berlin,Man on the Run,2009,dutch trance,Chorus,data/datasets/multtipop/dev/ZwxKDdpjoed/aligned.mid,C7Qsj6MGVHE,149.095,178.428,29.333,4,0,31,0,0,45,2
ZwxK_aMwxed,dev,Taylor Swift,Fearless,2008,pop,Bridge,data/datasets/multtipop/dev/ZwxK_aMwxed/aligned.mid,7lLigiVgJsE,153.931,176.394,22.463,19,585,60,326,0,115,4
ZwxKlGbPoed,dev,Britney Spears,Circus,2008,dance pop,Pre-Chorus,data/datasets/multtipop/dev/ZwxKlGbPoed/aligned.mid,lVhJ_A8XUgc,58.078,77.743,19.665,124,184,62,35,0,134,4
ZwxKnGMbged,dev,Joe Cocker and Jennifer Warnes,Up Where We Belong,1982,classic rock,Chorus,data/datasets/multtipop/dev/ZwxKnGMbged/aligned.mid,OjGoJFgI71I,62.720,91.450,28.730,285,0,31,163,0,143,3
ZwxKpnZboed,dev,Alice Cooper,Poison,1989,hard rock,Verse,data/datasets/multtipop/dev/ZwxKpnZboed/aligned.mid,Qq4j1LtCdww,37.655,57.184,19.529,0,48,22,107,0,16,3
ZwxKvB_jged,dev,Electric Light Orchestra,Strange Magic,1976,art rock,Verse,data/datasets/multtipop/dev/ZwxKvB_jged/aligned.mid,-Wtj59opWKg,20.706,39.974,19.269,72,36,58,0,28,79,3
bWgMDDwlmlX,dev,Electric Light Orchestra,Mr Blue Sky,1977,,Solo 2,data/datasets/multtipop/dev/bWgMDDwlmlX/aligned.mid,s7dTBoW5H9k,140.174,157.144,16.970,245,211,49,132,0,148,4
dJNgqlLwmrz,dev,Four Tops,Reach Out I'll Be There,1966,motown,Intro and Verse,data/datasets/multtipop/dev/dJNgqlLwmrz/aligned.mid,2EaflX0MWRo,-0.450,37.010,37.460,252,232,134,517,0,57,4
dPoDJWVAgnM,dev,George McCrae,Rock Your Baby,1974,disco,Bridge,data/datasets/multtipop/dev/dPoDJWVAgnM/aligned.mid,Wdo-ZiHqbls,54.990,74.420,19.430,98,506,64,206,0,26,4
dPoDKbLZxnM,dev,The Doobie Brothers,What A Fool Believes,1978,mellow gold,Verse,data/datasets/multtipop/dev/dPoDKbLZxnM/aligned.mid,o1BqHjNafRk,14.503,49.591,35.088,375,0,66,319,88,124,3
dPoD_VbdxnM,dev,Soul Asylum,Runaway Train,1993,pop rock,Chorus,data/datasets/multtipop/dev/dPoD_VbdxnM/aligned.mid,NRtvqT_wMeY,65.487,87.016,21.529,0,458,45,195,0,12,3
dPoD_XRXxnM,dev,The Beach Boys,Wouldn't It Be Nice,1966,sunshine pop,Chorus,data/datasets/multtipop/dev/dPoD_XRXxnM/aligned.mid,nZBKFoeDKJo,23.448,34.786,11.338,104,36,33,61,23,60,4
dPoD_e_XxnM,dev,4 Non Blondes,What's Up,1993,pop rock,Chorus Lead-Out,data/datasets/multtipop/dev/dPoD_e_XxnM/aligned.mid,6NXnxTNIWkc,117.060,146.579,29.519,0,653,38,118,0,29,3
dPoDjEJBgnM,dev,S Club 7,Never Had A Dream Come True,2000,europop,Verse and Pre-Chorus,data/datasets/multtipop/dev/dPoDjEJBgnM/aligned.mid,eOvTzpJDZfc,16.360,48.500,32.140,199,0,12,57,0,173,3
dZbgOqBwonY,dev,Van Morrison,Brown Eyed Girl,1967,singer-songwriter,Chorus,data/datasets/multtipop/dev/dZbgOqBwonY/aligned.mid,TG8Ect3Xn7w,94.990,108.830,13.840,17,257,41,163,37,86,4
d_gw-_LQoGV,dev,Shaggy,It Wasn't Me,2000,reggae fusion,,data/datasets/multtipop/dev/d_gw-_LQoGV/aligned.mid,sTMgX1PDGAE,20.016,41.201,21.185,0,108,32,136,0,140,3
d_gw-kMroGV,dev,The Doobie Brothers,What A Fool Believes,1978,mellow gold,Intro,data/datasets/multtipop/dev/d_gw-kMroGV/aligned.mid,dJe1iUuAW4M,0.517,17.541,17.023,164,0,4,149,3,29,3
d_gwAQXVoGV,dev,Jessica Simpson,With You,2006,dance pop,Chorus,data/datasets/multtipop/dev/d_gwAQXVoGV/aligned.mid,VWl7WjAtBME,38.320,71.850,33.530,0,279,50,256,159,52,3
d_gwJQvAmGV,dev,Electric Light Orchestra,Evil Woman,1976,art rock,Chorus,data/datasets/multtipop/dev/d_gwJQvAmGV/aligned.mid,nxz1DuVaRr8,63.943,80.913,16.970,103,53,36,108,36,98,4
d_gwkw_QgGV,dev,Weezer,Island in the Sun,2001,modern rock,Verse,data/datasets/multtipop/dev/d_gwkw_QgGV/aligned.mid,erG5rgNYSdk,17.352,34.948,17.596,0,249,54,107,0,30,3
d_gwqJkVoGV,dev,Crowded House,Don't Dream It's Over,1986,australian rock,Chorus,data/datasets/multtipop/dev/d_gwqJkVoGV/aligned.mid,J9gKyRmic20,46.407,71.016,24.609,0,252,35,122,38,15,3
eWxLJVDRmaK,dev,ItaloBrothers,Stamp on the Ground,2009,italo dance,Instrumental,data/datasets/multtipop/dev/eWxLJVDRmaK/aligned.mid,cHcVU5cGUNE,55.957,69.755,13.798,0,0,60,53,32,1,2
eWxL_-eMgaK,dev,Loverboy,Working For The Weekend,1981,album rock,Verse,data/datasets/multtipop/dev/eWxL_-eMgaK/aligned.mid,cxhj1Is7HpY,15.353,29.332,13.979,0,128,69,89,0,61,3
eWxL_ZQqgaK,dev,The Charlie Daniels Band,The Devil Went Down To Georgia,1979,country rock,Chorus,data/datasets/multtipop/dev/eWxL_ZQqgaK/aligned.mid,sh7BZf7D5Bw,50.127,65.552,15.424,201,199,37,118,0,12,4
eWxLeDr-oaK,dev,John Waite,Missing You,1984,soft rock,Verse and Pre-Chorus,data/datasets/multtipop/dev/eWxLeDr-oaK/aligned.mid,k9e157Ner90,19.110,75.791,56.681,137,492,194,370,0,125,4
jDgXAGM_xKl,dev,John Travolta and Olivia Newton-John,Summer Nights,1978,,Pre-Chorus,data/datasets/multtipop/dev/jDgXAGM_xKl/aligned.mid,ZW0DfsCzfq4,50.136,58.768,8.633,52,14,22,61,0,15,4
jDgXNEYqoKl,dev,Spiral Starecase,More Today Than Yesterday,1969,,Chorus,data/datasets/multtipop/dev/jDgXNEYqoKl/aligned.mid,YuqHlv1YPe0,72.520,100.520,28.000,250,0,90,243,0,76,3
jDgXRKzeoKl,dev,Bon Jovi,Living On A Prayer,1986,,Bridge,data/datasets/multtipop/dev/jDgXRKzeoKl/aligned.mid,lDK9QqIzhwk,179.236,197.672,18.436,46,87,136,88,0,73,4
jDgXVDpdoKl,dev,Sheryl Crow,The First Cut Is The Deepest,2003,lilith,Chorus,data/datasets/multtipop/dev/jDgXVDpdoKl/aligned.mid,dK9eLe8EQps,43.410,68.330,24.920,47,289,46,149,0,106,4
jDgXaZYLxKl,dev,Billy Joel,Rosalinda's Eyes,1978,mellow gold,Chorus,data/datasets/multtipop/dev/jDgXaZYLxKl/aligned.mid,LB-tkHD4uXU,47.482,73.441,25.959,176,164,70,468,0,105,4
jDgXyA-yxKl,dev,Britney Spears,Toxic,2004,dance pop,Verse,data/datasets/multtipop/dev/jDgXyA-yxKl/aligned.mid,LOZuxwVk7TU,26.768,41.148,14.379,0,136,35,0,0,118,2
kjDgXpkegKl,dev,Yanni,One Man's Dream,1994,new age,Solo 1,data/datasets/multtipop/dev/kjDgXpkegKl/aligned.mid,STSzCX36U6o,20.240,38.020,17.780,190,0,0,0,0,30,1
kwxAbRBXoKG,dev,Oasis,She's Electric,1995,madchester,Verse,data/datasets/multtipop/dev/kwxAbRBXoKG/aligned.mid,h9JZWhjQDvc,24.173,55.784,31.611,227,1098,112,336,0,14,4
kwxAyEvJxKG,dev,ItaloBrothers,Stamp on the Ground,2009,italo dance,Pre-Chorus,data/datasets/multtipop/dev/kwxAyEvJxKG/aligned.mid,cHcVU5cGUNE,30.318,44.113,13.795,3,0,65,34,39,2,3
kwxAyrWWxKG,dev,Weezer,Island in the Sun,2001,modern rock,Bridge,data/datasets/multtipop/dev/kwxAyrWWxKG/aligned.mid,erG5rgNYSdk,92.726,110.418,17.692,0,105,46,78,0,47,3
kygzPZbPoKB,dev,U2,Magnificent,2009,permanent wave,Verse,data/datasets/multtipop/dev/kygzPZbPoKB/aligned.mid,Yi52HjJbwVQ,40.640,66.630,25.990,0,1070,90,279,0,102,3
kygzQZVnmKB,dev,Electric Light Orchestra,Turn to Stone,1977,art rock,Chorus,data/datasets/multtipop/dev/kygzQZVnmKB/aligned.mid,BDhJU_cNCZE,150.653,197.490,46.837,140,9,440,203,210,664,4
kygzVbebgKB,dev,The B-52's,Rock Lobster,1978,dance rock,Chorus Lead-Out,data/datasets/multtipop/dev/kygzVbebgKB/aligned.mid,Oh5J33KAaqw,42.836,54.504,11.668,25,66,25,1,0,0,4
kygzlyXBoKB,dev,Evan and Jaron,Crazy For This Girl,2000,pop rock,Chorus,data/datasets/multtipop/dev/kygzlyXBoKB/aligned.mid,NZkM_nOJ3d4,30.360,56.750,26.390,202,795,90,271,56,52,4
kygzzLErgKB,dev,Alice Cooper,School's Out,1972,hard rock,Verse and Pre-Chorus,data/datasets/multtipop/dev/kygzzLErgKB/aligned.mid,RWgTD_0jxeE,21.993,44.353,22.360,0,295,66,112,39,0,3
lamkLOzvgDM,dev,Arctic Monkeys,I Bet You Look Good On The Dancefloor,2005,modern rock,Chorus,data/datasets/multtipop/dev/lamkLOzvgDM/aligned.mid,CYpn8yUnX_c,46.015,65.517,19.502,0,366,113,146,0,0,3
lamkLWRLgDM,dev,Kool And The Gang,Celebration,1980,disco,Intro,data/datasets/multtipop/dev/lamkLWRLgDM/aligned.mid,3GwjfUFyY6M,0.492,17.530,17.038,32,92,0,111,0,28,3
lamkNWYeoDM,dev,Commodores,Sail On,1979,motown,Chorus Lead-Out,data/datasets/multtipop/dev/lamkNWYeoDM/aligned.mid,zg-ivWxy5KE,180.020,208.080,28.060,220,237,63,264,0,238,4
lamkWDNwmDM,dev,Sarah McLachlan,Adia,1998,lilith,Intro,data/datasets/multtipop/dev/lamkWDNwmDM/aligned.mid,Q5wW8N4pt3U,5.090,37.720,32.630,225,199,6,21,0,45,4
lamkn_kMoDM,dev,Jars Of Clay,Flood,1995,christian alternative rock,Intro,data/datasets/multtipop/dev/lamkn_kMoDM/aligned.mid,EfAhpX_wIBk,-0.350,8.985,9.335,92,142,0,0,0,0,2
nJmBRBakmAV,dev,U2,With or Without You,1987,permanent wave,Verse,data/datasets/multtipop/dev/nJmBRBakmAV/aligned.mid,XayyES2vO8Q,26.282,44.653,18.371,0,0,66,83,0,268,2
nJmBRvppmAV,dev,Kiss,Rock And Roll All Nite,1975,glam rock,Chorus,data/datasets/multtipop/dev/nJmBRvppmAV/aligned.mid,f-S3X2saSwM,45.388,73.676,28.287,105,172,65,293,62,0,4
nJmBkkNkgAV,dev,Weezer,Say It Ain't So,1995,modern rock,Chorus,data/datasets/multtipop/dev/nJmBkkNkgAV/aligned.mid,zo-x4PU8S6g,75.720,102.060,26.340,0,203,46,141,30,0,3
nJmBlrjExAV,dev,Bonnie Tyler,Total Eclipse of the Heart,1983,europop,Pre-Chorus,data/datasets/multtipop/dev/nJmBlrjExAV/aligned.mid,lcOxhH8N3Bo,37.169,49.239,12.070,61,10,9,0,0,30,3
nJmBzEWkmAV,dev,Rush,Closer to the Heart,1977,album rock,Verse,data/datasets/multtipop/dev/nJmBzEWkmAV/aligned.mid,quBCjo2rUZg,28.090,46.260,18.170,0,451,1,2,0,35,3
nLgaZBWbxYp,dev,Suzanne Vega,Luka,1987,lilith,Chorus,data/datasets/multtipop/dev/nLgaZBWbxYp/aligned.mid,VZt7J0iaUD0,39.998,59.991,19.993,5,96,45,129,0,102,4
nLgakMlBoYp,dev,Aerosmith,Dude (Looks Like a Lady),1987,rock,Chorus,data/datasets/multtipop/dev/nLgakMlBoYp/aligned.mid,nf0oXY4nDxE,78.716,94.778,16.062,0,146,42,127,47,85,3
nLgakZKGoYp,dev,Heart,Crazy on You,1975,album rock,Intro,data/datasets/multtipop/dev/nLgakZKGoYp/aligned.mid,OZuW6BH_Vak,37.055,58.722,21.666,0,769,39,83,0,3,3
nLgapnZdmYp,dev,Daniel Powter,Bad Day,2005,neo mellow,Chorus Lead-Out,data/datasets/multtipop/dev/nLgapnZdmYp/aligned.mid,gH476CxJxfg,185.809,203.895,18.086,115,92,42,196,0,110,4
nYAg-vwJxle,dev,Van Morrison,Brown Eyed Girl,1967,singer-songwriter,Pre-Chorus,data/datasets/multtipop/dev/nYAg-vwJxle/aligned.mid,TG8Ect3Xn7w,78.740,96.010,17.270,40,270,47,203,28,3,4
nZgWprEVxry,dev,The Police,Every Breath You Take,1983,permanent wave,Verse,data/datasets/multtipop/dev/nZgWprEVxry/aligned.mid,OMOGaugKpzs,14.986,48.579,33.594,81,312,132,82,0,81,4
nZgWznEBmry,dev,Taylor Swift,White Horse,2008,pop,Verse and Pre-Chorus,data/datasets/multtipop/dev/nZgWznEBmry/aligned.mid,9-rKvhsjwKU,20.289,52.316,32.027,0,114,24,0,0,60,2
nvgyKGlzokA,dev,Loverboy,Working For The Weekend,1981,album rock,Intro,data/datasets/multtipop/dev/nvgyKGlzokA/aligned.mid,cxhj1Is7HpY,2.414,16.351,13.937,0,111,65,92,0,67,3
nvgyYGdrgkA,dev,Kelly Clarkson,Since U Been Gone,2004,talent show,Bridge,data/datasets/multtipop/dev/nvgyYGdrgkA/aligned.mid,R7UrFYvl5TE,113.820,129.540,15.720,0,33,66,93,36,0,3
nvgyaDl_gkA,dev,Ricky Martin,She Bangs,2000,puerto rican pop,Verse,data/datasets/multtipop/dev/nvgyaDl_gkA/aligned.mid,5ihtX86JzmA,34.739,62.425,27.686,169,403,78,457,0,124,4
veoYOzZqgdn,dev,Daniel Boone,Beautiful Sunday,1972,classic uk pop,Chorus,data/datasets/multtipop/dev/veoYOzZqgdn/aligned.mid,Y9Vu6ASwdKE,40.530,58.000,17.470,142,303,37,118,0,64,4
veoYzORqmdn,dev,Alice Cooper,Poison,1989,hard rock,Intro,data/datasets/multtipop/dev/veoYzORqmdn/aligned.mid,Qq4j1LtCdww,8.151,34.287,26.136,0,130,12,79,0,3,3
wDpgv-jemad,dev,Bon Jovi,Who says you can't go home,2005,rock,Chorus,data/datasets/multtipop/dev/wDpgv-jemad/aligned.mid,Y6ddR4ohPSI,58.280,95.700,37.420,5,619,94,253,161,0,4
yvgPKBbdmYq,dev,Neil Sedaka,Breaking Up Is Hard to Do,1962,adult standards,Verse,data/datasets/multtipop/dev/yvgPKBbdmYq/aligned.mid,tbad22CKlB4,96.270,113.520,17.250,108,120,33,143,75,92,4
yvgPOKvEmYq,dev,Taylor Swift,White Horse,2008,pop,Bridge,data/datasets/multtipop/dev/yvgPOKvEmYq/aligned.mid,D1Xr-JFLxik,155.500,177.290,21.790,0,169,13,0,0,47,2
yvgPQXqExYq,dev,Electric Light Orchestra,Evil Woman,1976,art rock,Verse,data/datasets/multtipop/dev/yvgPQXqExYq/aligned.mid,nxz1DuVaRr8,29.802,46.786,16.983,102,164,35,107,18,0,4
yvgPqWwjxYq,dev,Electric Light Orchestra,Strange Magic,1976,art rock,Pre-Chorus and Chorus,data/datasets/multtipop/dev/yvgPqWwjxYq/aligned.mid,-Wtj59opWKg,39.031,63.147,24.117,180,90,41,72,30,108,4
yvgPy_YExYq,dev,Mis-Teeq,Scandalous,2003,girl group,Verse and Pre-Chorus,data/datasets/multtipop/dev/yvgPy_YExYq/aligned.mid,_-L9gXDjQIY,21.187,59.908,38.721,0,0,66,228,0,194,2
yvgPyqdjxYq,dev,Billy Joel,The Stranger,1977,mellow gold,Verse,data/datasets/multtipop/dev/yvgPyqdjxYq/aligned.mid,E5ofVsxTPoc,68.972,90.766,21.794,211,226,76,151,0,61,4
yvmrPPqvxOW,dev,Shania Twain,Forever And For Always,2003,canadian pop,Pre-Chorus,data/datasets/multtipop/dev/yvmrPPqvxOW/aligned.mid,IpT-FW_G8-A,32.697,56.016,23.319,39,74,47,276,0,145,4
yvmraYzzoOW,dev,The B-52's,Rock Lobster,1978,dance rock,Intro,data/datasets/multtipop/dev/yvmraYzzoOW/aligned.mid,Oh5J33KAaqw,0.361,11.833,11.473,12,40,6,0,0,0,3
yvmrpleKxOW,dev,The Police,So Lonely,1978,permanent wave,Verse,data/datasets/multtipop/dev/yvmrpleKxOW/aligned.mid,MX6MvV8cbh8,0.810,14.239,13.429,0,290,0,97,0,18,2
zngRDYDpoJj,dev,Sister Hazel,All For You,1997,pop rock,Verse and Pre-Chorus,data/datasets/multtipop/dev/zngRDYDpoJj/aligned.mid,uEDj2cP6_gQ,5.428,34.427,28.999,0,273,34,185,51,0,3
zngRNDqegJj,dev,Rush,Fly By Night,1975,album rock,Intro,data/datasets/multtipop/dev/zngRNDqegJj/aligned.mid,nEVDZl5UvN4,0.500,8.760,8.260,0,125,2,9,0,0,3
zngRvvBMgJj,dev,Shania Twain,Forever And For Always,2003,canadian pop,Chorus,data/datasets/multtipop/dev/zngRvvBMgJj/aligned.mid,IpT-FW_G8-A,49.405,72.722,23.317,149,111,46,273,0,171,4
ZOxVrYeyxdq,test,Janet Jackson,Again,1993,dance pop,Intro,data/datasets/multtipop/test/ZOxVrYeyxdq/aligned.mid,qUHtwV8wkOU,0.660,31.030,30.370,34,0,0,0,0,111,1
ANmpAQBdgyM,test,Destiny's Child,Bills Bills Bills,1999,,Intro,data/datasets/multtipop/test/ANmpAQBdgyM/aligned.mid,NiF6-0UTqtc,12.810,31.270,18.460,56,23,0,78,0,8,3
ANmpMeXngyM,test,No Mercy,Please Don't Go,1997,boy band,Chorus,data/datasets/multtipop/test/ANmpMeXngyM/aligned.mid,P1OjD1dtNB4,90.894,107.142,16.247,15,130,51,411,0,64,4
ANmpWXyPoyM,test,Blink-182,Going Away To College,2000,socal pop punk,Chorus,data/datasets/multtipop/test/ANmpWXyPoyM/aligned.mid,zwhq-zyaT4U,73.370,101.920,28.550,0,200,196,238,0,57,3
ANmppMe-myM,test,Rihanna,Disturbia,2008,barbadian pop,Bridge,data/datasets/multtipop/test/ANmppMe-myM/aligned.mid,E1mU6h4Xdxc,193.264,209.483,16.219,0,16,0,190,0,197,2
ANmprPQnxyM,test,Judy Garland,Over The Rainbow,1939,torch song,Chorus,data/datasets/multtipop/test/ANmprPQnxyM/aligned.mid,XW5nIlIfR5s,30.371,75.245,44.875,0,0,1,0,42,896,1
ANmpwXpqoyM,test,Supergrass,Alright,1995,oxford indie,Verse,data/datasets/multtipop/test/ANmpwXpqoyM/aligned.mid,qUE4oDunYkc,13.199,28.743,15.544,258,48,33,129,0,22,4
AQodNepKgDl,test,Roy Orbison,Crying,1961,rockabilly,Chorus,data/datasets/multtipop/test/AQodNepKgDl/aligned.mid,yMATM0A5Ask,32.624,75.037,42.412,223,462,69,327,0,142,4
AQodXjABoDl,test,Limahl,Never Ending Story,1984,synthpop,Solo 2,data/datasets/multtipop/test/AQodXjABoDl/aligned.mid,Gf1WT8VEZxk,163.120,183.848,20.729,0,20,329,158,0,337,3
AQodXnMWoDl,test,Alan Silvestri,Back to the Future Theme,1985,orchestral soundtrack,Chorus,data/datasets/multtipop/test/AQodXnMWoDl/aligned.mid,e8TZbze72Bc,50.157,72.946,22.789,48,0,0,87,0,521,2
AQodXwZXoDl,test,Johnny Hates Jazz,Shattered Dreams,1987,sophisti-pop,Chorus,data/datasets/multtipop/test/AQodXwZXoDl/aligned.mid,Kz5scjSQ_WE,40.808,57.584,16.777,37,92,29,215,0,68,4
AQodbjbYgDl,test,Europe,The Final Countdown,1986,hard rock,Verse,data/datasets/multtipop/test/AQodbjbYgDl/aligned.mid,9jK-NcRmVcw,86.214,119.716,33.502,0,167,148,179,52,81,3
AQodeaWBmDl,test,Lit,My Own Worst Enemy,1999,socal pop punk,Verse,data/datasets/multtipop/test/AQodeaWBmDl/aligned.mid,sc5iTNVEOAg,31.494,51.030,19.536,0,294,50,108,42,0,3
AQodyjaXmDl,test,Lou Christie,Lightnin' Strikes,1965,bubblegum pop,Chorus,data/datasets/multtipop/test/AQodyjaXmDl/aligned.mid,LyRqdzF8swY,44.290,59.700,15.410,170,0,43,188,18,48,3
AaoGOVNloeQ,test,Take That,Could It Be Magic,1992,europop,Chorus,data/datasets/multtipop/test/AaoGOVNloeQ/aligned.mid,SVBIfSt0lAo,49.731,65.850,16.119,113,0,51,195,0,108,3
AaoGWWrEoeQ,test,Metallica,Fade To Black,1984,rock,Outro,data/datasets/multtipop/test/AaoGWWrEoeQ/aligned.mid,WEQnzs8wl6E,305.040,319.530,14.490,0,72,88,0,0,87,2
AaoGaKYzgeQ,test,Aqua,Doctor Jones,1997,europop,Chorus,data/datasets/multtipop/test/AaoGaKYzgeQ/aligned.mid,adBOcofSxAs,60.608,75.252,14.644,2,48,194,358,0,321,4
AaoGe_rPgeQ,test,MC Hammer,U Can't Touch This,1990,miami bass,Instrumental,data/datasets/multtipop/test/AaoGe_rPgeQ/aligned.mid,otCpCn0l4Wo,15.284,30.632,15.347,60,33,33,100,0,41,4
Abm_DQRJgak,test,Lou Christie,Lightnin' Strikes,1965,bubblegum pop,Verse,data/datasets/multtipop/test/Abm_DQRJgak/aligned.mid,LyRqdzF8swY,8.100,23.680,15.580,103,298,39,127,24,96,4
Abm_DqnAgak,test,Enigma,Return To Innocence,1993,gregorian dance,Chorus,data/datasets/multtipop/test/Abm_DqnAgak/aligned.mid,Rk_sAHh9s08,137.100,159.860,22.760,0,0,9,211,0,103,2
Abm_ZqVwoak,test,Destiny's Child,Bills Bills Bills,1999,,Chorus,data/datasets/multtipop/test/Abm_ZqVwoak/aligned.mid,NiF6-0UTqtc,133.510,164.560,31.050,163,51,36,368,0,316,4
Abm_aOGrxak,test,Kylie Minogue,Come Into My World,2002,dance pop,Chorus,data/datasets/multtipop/test/Abm_aOGrxak/aligned.mid,63vqob-MljQ,67.751,93.545,25.794,434,0,91,199,0,384,3
Abm_dPEJgak,test,Johnny Hates Jazz,Shattered Dreams,1987,sophisti-pop,Intro,data/datasets/multtipop/test/Abm_dPEJgak/aligned.mid,Kz5scjSQ_WE,1.282,20.108,18.826,0,92,29,237,0,130,3
Abm_eGwrxak,test,Jewel,Hands,1998,lilith,Outro,data/datasets/multtipop/test/Abm_eGwrxak/aligned.mid,AfsS3pIDBfw,185.888,197.984,12.096,11,94,0,125,0,10,3
Abm_ekvLxak,test,Dexys Midnight Runners,Come On Eileen,1982,new wave,Intro,data/datasets/multtipop/test/Abm_ekvLxak/aligned.mid,GbpnAGajyMc,7.050,28.785,21.735,90,144,54,118,0,266,4
Abm_pyWDgak,test,Blondie,Dreaming,1979,permanent wave,Verse,data/datasets/multtipop/test/Abm_pyWDgak/aligned.mid,TU3-lS_Gryk,24.939,61.584,36.645,63,998,114,461,0,60,4
BAaoGYvkgeQ,test,Sting,Desert Rose,1999,sophisti-pop,Chorus,data/datasets/multtipop/test/BAaoGYvkgeQ/aligned.mid,C3lWwBslWqg,137.350,155.530,18.180,0,10,18,451,70,237,3
BbWgMArPglX,test,Evanescence ,My Immortal,2003,alternative metal,Intro,data/datasets/multtipop/test/BbWgMArPglX/aligned.mid,82v0kX95EY0,-0.450,13.350,13.800,40,0,0,0,0,0,1
Dpgv-EERmad,test,The Smashing Pumpkins,Luna,1993,rock,Intro,data/datasets/multtipop/test/Dpgv-EERmad/aligned.mid,eeZ4M6MT-CE,-0.070,16.333,16.402,0,123,22,0,15,0,2
DpgvEaAdmad,test,Sade,By Your Side,2000,british soul,Chorus,data/datasets/multtipop/test/DpgvEaAdmad/aligned.mid,C8QJmI_V3j4,70.623,84.757,14.134,0,245,28,89,0,29,3
DpgvJLWdgad,test,Nightwish,Over the Hills and Far Away,2001,opera metal,Chorus,data/datasets/multtipop/test/DpgvJLWdgad/aligned.mid,o8gXzDLNWl8,58.050,73.790,15.740,0,51,55,125,39,96,3
DpgvLMzRoad,test,MIKA,Grace Kelly,2006,electropop,Chorus,data/datasets/multtipop/test/DpgvLMzRoad/aligned.mid,0CGVgAYJyjk,40.041,56.618,16.577,90,195,43,113,0,120,4
DpgvN-eegad,test,Jack Johnson,Breakdown,2005,neo mellow,Intro,data/datasets/multtipop/test/DpgvN-eegad/aligned.mid,Y4O7ufx9D_s,0.790,14.590,13.800,0,245,0,0,0,0,1
DpgvPOwkoad,test,Alicia Keys,No One,2007,neo soul,Outro,data/datasets/multtipop/test/DpgvPOwkoad/aligned.mid,rywUS-ohqeE,204.851,229.798,24.947,76,122,54,110,43,107,4
DpgvQ-pOmad,test,Wheatus,Teenage Dirtbag,2000,pop rock,Chorus Lead-Out,data/datasets/multtipop/test/DpgvQ-pOmad/aligned.mid,FC3y9llDXuM,124.458,145.649,21.191,0,168,61,239,28,28,3
DpgvYzOkmad,test,Pat Benatar,Heartbreaker,1979,album rock,Chorus,data/datasets/multtipop/test/DpgvYzOkmad/aligned.mid,nsSx6nXpBMg,39.256,52.304,13.047,0,83,22,99,0,59,3
DpgvZdZOgad,test,Mariah Carey,All I Want For Christmas Is You,1994,dance pop,Bridge,data/datasets/multtipop/test/DpgvZdZOgad/aligned.mid,yXQViqx6GMY,142.894,172.500,29.607,727,0,81,211,74,123,3
DpgvdnReoad,test,Crash Test Dummies,Mmm Mmm Mmm Mmm,1993,pop rock,Chorus,data/datasets/multtipop/test/DpgvdnReoad/aligned.mid,t05G0983BcI,44.040,55.240,11.200,28,53,32,20,0,0,4
DpgvdyDkoad,test,Muse,Bliss,2001,modern rock,Intro,data/datasets/multtipop/test/DpgvdyDkoad/aligned.mid,eMqsWc8muj8,16.100,46.990,30.890,0,280,49,104,0,724,3
DpgvlzBDoad,test,Vaya Con Dios,Nah Neh Nah,1990,classic belgian pop,Verse,data/datasets/multtipop/test/DpgvlzBDoad/aligned.mid,7LUm-E4GPU8,20.400,49.290,28.890,0,259,63,361,0,156,3
Dpgvr-Pegad,test,ABBA,Does Your Mother Know,1979,europop,Pre-Chorus,data/datasets/multtipop/test/Dpgvr-Pegad/aligned.mid,WkL7Fkigfn8,49.894,66.488,16.595,239,109,75,175,47,195,4
DpgvrXAdgad,test,Paul McCartney,Maybe I'm Amazed,1970,classic rock,Intro,data/datasets/multtipop/test/DpgvrXAdgad/aligned.mid,cdDPR8GzXy8,1.690,15.989,14.299,56,0,0,0,0,0,1
DpgvrneBgad,test,Katy Perry,Waking Up In Vegas,2009,pop,Chorus,data/datasets/multtipop/test/DpgvrneBgad/aligned.mid,1-pUaogoX5o,47.721,63.353,15.631,0,620,49,319,0,100,3
Dpgvvnvegad,test,Art Garfunkel,Bright Eyes,1978,folk rock,Verse,data/datasets/multtipop/test/Dpgvvnvegad/aligned.mid,a502RejLz8s,25.730,78.240,52.510,67,299,45,0,0,17,3
DpgvzX_dgad,test,Michael Sembello,Maniac,1983,hi-nrg,Intro,data/datasets/multtipop/test/DpgvzX_dgad/aligned.mid,tTdPuAm2Zi8,12.079,25.208,13.129,46,3,130,234,0,65,4
Dpgvzyregad,test,Kylie Minogue,Come Into My World,2002,dance pop,Verse,data/datasets/multtipop/test/Dpgvzyregad/aligned.mid,63vqob-MljQ,21.639,55.248,33.609,142,0,110,288,0,284,3
JNgqLNNJmrz,test,Steve Vai,Salamanders In The Sun,1984,instrumental rock,Intro,data/datasets/multtipop/test/JNgqLNNJmrz/aligned.mid,zgH4ZoPC_Lw,0.642,33.640,32.998,0,52,73,536,0,224,3
JNgqpNRJmrz,test,David Bowie,Suffragette City,1972,rock,Chorus,data/datasets/multtipop/test/JNgqpNRJmrz/aligned.mid,4YYE0-hrHbM,36.420,55.931,19.510,162,630,80,159,57,17,4
JNgqpPKWmrz,test,No Doubt,Spiderwebs,1995,dance rock,Intro,data/datasets/multtipop/test/JNgqpPKWmrz/aligned.mid,6ZktNItwexo,9.319,23.658,14.339,0,51,49,88,0,293,3
JNgqpZyemrz,test,Blondie,Sunday Girl,1978,permanent wave,Verse,data/datasets/multtipop/test/JNgqpZyemrz/aligned.mid,_Y7fsowFepU,6.290,20.152,13.862,44,72,38,110,0,45,4
JNgqrpaexrz,test,Metallica,One,1988,rock,Bridge,data/datasets/multtipop/test/JNgqrpaexrz/aligned.mid,WM8bTdBs-cw,295.095,313.369,18.274,156,0,0,156,0,258,2
JNgqrr--xrz,test,The Buggles,Video Killed The Radio Star,1979,early synthpop,Chorus,data/datasets/multtipop/test/JNgqrr--xrz/aligned.mid,W8r-tXRLazs,51.198,66.874,15.675,150,0,80,109,0,129,3
JNgqyykJgrz,test,Paula Abdul,Straight Up,1988,new wave pop,Intro,data/datasets/multtipop/test/JNgqyykJgrz/aligned.mid,El1kgCqD7Xk,18.409,29.465,11.056,0,9,45,114,0,52,3
JNgqzBLWxrz,test,Radiohead,Pyramid Song,2001,oxford indie,Instrumental,data/datasets/multtipop/test/JNgqzBLWxrz/aligned.mid,3M_Gg1xAHE4,115.782,134.585,18.803,97,0,0,0,0,12,1
JkmZDe--xqn,test,Ne-Yo,Because Of You,2007,dance pop,Intro,data/datasets/multtipop/test/JkmZDe--xqn/aligned.mid,atz_aZA3rf0,12.586,30.995,18.408,0,0,9,243,0,155,2
JkmZZJljmqn,test,Jimmy Eat World,Hear You Me,1999,modern rock,Chorus,data/datasets/multtipop/test/JkmZZJljmqn/aligned.mid,fcmFH5OvdtA,68.498,90.637,22.139,0,290,18,75,28,0,3
JkmZaGykoqn,test,ABBA,Bang-A-Boomerang,1975,europop,Intro,data/datasets/multtipop/test/JkmZaGykoqn/aligned.mid,_CsJCa2TlXU,1.013,16.567,15.554,62,62,41,110,4,66,4
JkmZapaaoqn,test,Black Eyed Peas,Pump It,2005,dance pop,Instrumental,data/datasets/multtipop/test/JkmZapaaoqn/aligned.mid,ZaI2IlHwmgQ,198.990,224.831,25.841,0,398,2,521,0,208,3
JkmZkXyPgqn,test,Alicia Keys,No One,2007,neo soul,Pre-Chorus,data/datasets/multtipop/test/JkmZkXyPgqn/aligned.mid,rywUS-ohqeE,34.220,56.494,22.275,68,0,22,99,49,53,3
JkmZnZPamqn,test,The Mamas and The Papas,Dream A Little Dream Of Me,1968,folk rock,Verse,data/datasets/multtipop/test/JkmZnZPamqn/aligned.mid,fJwjLYRPxJY,14.190,58.620,44.430,60,177,35,50,66,103,4
JkmZqd_aoqn,test,Avril Lavigne,Sk8er Boi,2002,pop,Intro,data/datasets/multtipop/test/JkmZqd_aoqn/aligned.mid,TIy3n2b7V9k,8.060,21.820,13.760,0,408,65,83,0,0,3
JkmZrQG_mqn,test,ABBA,Super Trouper,1980,europop,Pre-Chorus,data/datasets/multtipop/test/JkmZrQG_mqn/aligned.mid,BshxCIjNEjY,48.723,65.965,17.242,79,234,38,103,0,141,4
KexEJwLwo_B,test,America,Sister Golden Hair,1975,mellow gold,Verse,data/datasets/multtipop/test/KexEJwLwo_B/aligned.mid,4gibSb1_GGw,16.096,47.393,31.297,0,1004,2,147,0,62,3
KexEONDLm_B,test,Metallica,Fade To Black,1984,rock,Verse,data/datasets/multtipop/test/KexEONDLm_B/aligned.mid,WEQnzs8wl6E,54.707,64.297,9.590,0,49,11,0,0,38,2
KexEOYYXm_B,test,Steely Dan,Peg,1977,mellow gold,Intro,data/datasets/multtipop/test/KexEOYYXm_B/aligned.mid,9KHQnlFwxzU,-0.080,17.146,17.226,59,11,19,113,0,93,4
KexEQXEYx_B,test,Spice Girls,Goodbye,1998,dance pop,Verse,data/datasets/multtipop/test/KexEQXEYx_B/aligned.mid,eegDtyrSUZw,19.750,52.720,32.970,110,42,47,235,0,89,4
KexEQneXx_B,test,Gwen Stefani,What You Waiting For,2004,dance pop,Intro,data/datasets/multtipop/test/KexEQneXx_B/aligned.mid,RtBPPr_GVUg,3.830,32.270,28.440,90,0,0,0,0,185,1
KexEV-YOo_B,test,Sandra,Heaven Can Wait,1988,europop,Verse,data/datasets/multtipop/test/KexEV-YOo_B/aligned.mid,WxaM1IuJ2QU,16.254,25.353,9.100,0,12,29,87,0,13,3
KexElzpOg_B,test,Kylie Minogue,Come Into My World,2002,dance pop,Pre-Chorus,data/datasets/multtipop/test/KexElzpOg_B/aligned.mid,63vqob-MljQ,54.251,70.497,16.246,102,0,98,131,0,210,3
KexEpLyeg_B,test,Lesley Gore,It's My Party,1963,brill building pop,Verse,data/datasets/multtipop/test/KexEpLyeg_B/aligned.mid,RjdH_NmmO0I,15.537,31.567,16.030,120,201,36,179,0,83,4
KexEwljwm_B,test,Afroman,Because I Got High,2000,comedy rap,Verse,data/datasets/multtipop/test/KexEwljwm_B/aligned.mid,WeYsTmIzjkw,22.650,46.742,24.091,18,0,35,58,0,83,3
KyvmredKoOW,test,Creedence Clearwater Revival,Down On The Corner,1969,swamp rock,Chorus,data/datasets/multtipop/test/KyvmredKoOW/aligned.mid,clJb4zx0o1o,42.080,52.120,10.040,42,290,30,157,0,151,4
LAgQGwBvoyO,test,Pink Floyd,The Great Gig In The Sky,1973,rock,Intro,data/datasets/multtipop/test/LAgQGwBvoyO/aligned.mid,UqCEPytSFqU,-0.230,43.691,43.921,187,0,0,0,0,0,1
LAgQMKprgyO,test,Muse,New Born,2001,modern rock,Instrumental,data/datasets/multtipop/test/LAgQMKprgyO/aligned.mid,qhduQhDqtb4,64.570,78.070,13.500,0,68,68,98,0,0,3
LAgQNj-JxyO,test,ABBA,Super Trouper,1980,europop,Intro,data/datasets/multtipop/test/LAgQNj-JxyO/aligned.mid,BshxCIjNEjY,16.356,33.431,17.074,52,35,51,96,0,75,4
LAgQWjpRoyO,test,Berlin,Take My Breath Away,1986,new wave pop,Bridge,data/datasets/multtipop/test/LAgQWjpRoyO/aligned.mid,Bx51eegLTY8,120.500,151.410,30.910,92,0,54,215,0,88,3
LAgQY-YlgyO,test,Avril Lavigne,Sk8er Boi,2002,pop,Chorus,data/datasets/multtipop/test/LAgQY-YlgyO/aligned.mid,TIy3n2b7V9k,46.540,63.360,16.820,0,534,78,106,118,0,3
LAgQj-_lxyO,test,Crash Test Dummies,Mmm Mmm Mmm Mmm,1993,pop rock,Verse,data/datasets/multtipop/test/LAgQj-_lxyO/aligned.mid,t05G0983BcI,10.430,37.190,26.760,80,128,0,39,0,0,3
LAgQrRrvxyO,test,Alan Silvestri,Back to the Future Theme,1985,orchestral soundtrack,Outro 1,data/datasets/multtipop/test/LAgQrRrvxyO/aligned.mid,e8TZbze72Bc,158.390,168.740,10.350,0,0,0,2,0,200,1
LAgQyQvrgyO,test,Alicia Keys,No One,2007,neo soul,Intro,data/datasets/multtipop/test/LAgQyQvrgyO/aligned.mid,rywUS-ohqeE,2.100,13.839,11.739,33,0,0,47,0,0,2
Ld_gwBermGV,test,One Republic,Apologize,2007,pop,Chorus,data/datasets/multtipop/test/Ld_gwBermGV/aligned.mid,ePyRrb2-fzs,67.700,84.930,17.230,75,0,0,57,25,125,2
Ld_gwJ-bmGV,test,Iron Butterfly,In-A-Gadda-Da-Vida,1968,acid rock,Verse,data/datasets/multtipop/test/Ld_gwJ-bmGV/aligned.mid,UIVe-rZBcm4,24.170,71.850,47.680,160,339,154,313,0,83,4
NLAgQZXExyO,test,Backstreet Boys,Don't Want You Back,1999,boy band,Chorus,data/datasets/multtipop/test/NLAgQZXExyO/aligned.mid,3krd-aQZzks,58.370,78.050,19.680,91,0,36,239,0,291,3
NlamkkVMmDM,test,Evanescence ,My Immortal,2003,alternative metal,Pre-Chorus,data/datasets/multtipop/test/NlamkkVMmDM/aligned.mid,82v0kX95EY0,38.050,51.900,13.850,86,0,0,0,0,95,1
NlamklYvgDM,test,Jack Johnson,Breakdown,2005,neo mellow,Verse,data/datasets/multtipop/test/NlamklYvgDM/aligned.mid,Y4O7ufx9D_s,13.780,27.600,13.820,0,261,3,3,35,0,3
QLgnJ-lYg-V,test,Mariah Carey,We Belong Together,2005,dance pop,Intro,data/datasets/multtipop/test/QLgnJ-lYg-V/aligned.mid,0habxsuXW4g,7.796,22.510,14.714,45,23,0,4,0,10,3
QLgnMWBEm-V,test,Spice Girls,Stop,1997,dance pop,Bridge,data/datasets/multtipop/test/QLgnMWBEm-V/aligned.mid,5JD6ejmlpa8,145.930,163.210,17.280,280,90,100,147,0,113,4
QLgnMdk_m-V,test,Cascada,Evacuate The Dancefloor,2009,europop,Verse and Pre-Chorus,data/datasets/multtipop/test/QLgnMdk_m-V/aligned.mid,A68j28KQaik,7.340,38.720,31.380,31,6,73,123,0,302,4
QLgnORXBx-V,test,Wild Cherry,Play That Funky Music,1976,funk rock,Verse,data/datasets/multtipop/test/QLgnORXBx-V/aligned.mid,JTvlujbJ5vg,16.029,54.522,38.493,0,806,140,250,76,54,3
QLgnOWRpx-V,test,The All-American Rejects,Dirty Little Secret,2005,neo mellow,Solo,data/datasets/multtipop/test/QLgnOWRpx-V/aligned.mid,gPDcwjJ8pLg,121.352,135.647,14.295,0,247,65,85,0,0,3
QLgnREeZg-V,test,Berlin,Take My Breath Away,1986,new wave pop,Chorus,data/datasets/multtipop/test/QLgnREeZg-V/aligned.mid,Bx51eegLTY8,48.300,61.750,13.450,18,0,17,139,0,186,3
QLgnWrlYx-V,test,Sara Bareilles,Love Song,2007,neo mellow,Pre-Chorus,data/datasets/multtipop/test/QLgnWrlYx-V/aligned.mid,qi7Yh16dA0w,46.910,63.540,16.630,166,203,30,154,0,102,4
QLgndRXBo-V,test,Muse,Sing For Absolution,2004,modern rock,Chorus,data/datasets/multtipop/test/QLgndRXBo-V/aligned.mid,6Ck6Hcg2cjk,75.630,99.140,23.510,0,130,64,161,0,23,3
QLgndW_Po-V,test,Randy Crawford,One Day I'll Fly Away,1994,disco,Chorus,data/datasets/multtipop/test/QLgndW_Po-V/aligned.mid,J0C5IG3FCA0,99.320,144.180,44.860,275,116,107,187,0,154,4
QLgnnXByg-V,test,Black Eyed Peas,Pump It,2005,dance pop,Bridge,data/datasets/multtipop/test/QLgnnXByg-V/aligned.mid,ZaI2IlHwmgQ,173.963,199.881,25.919,0,145,48,258,0,107,3
QLgnyDApm-V,test,Limahl,Never Ending Story,1984,synthpop,Pre-Chorus,data/datasets/multtipop/test/QLgnyDApm-V/aligned.mid,Gf1WT8VEZxk,44.397,61.266,16.869,52,0,182,112,0,218,3
ROmNDQyQxNw,test,Sade,Smooth Operator,1984,british soul,Intro,data/datasets/multtipop/test/ROmNDQyQxNw/aligned.mid,OPgmQc3OkFs,8.183,25.006,16.822,161,0,0,152,0,0,2
ROmNDyMnxNw,test,Sade,Smooth Operator,1984,british soul,Chorus,data/datasets/multtipop/test/ROmNDyMnxNw/aligned.mid,OPgmQc3OkFs,112.303,145.258,32.954,449,0,0,455,0,0,2
ROmNDylzxNw,test,Kansas,Carry On Wayward Son,1976,album rock,Pre-Chorus,data/datasets/multtipop/test/ROmNDylzxNw/aligned.mid,2X_2IdybTV0,84.248,100.189,15.941,138,87,26,108,0,36,4
ROmNJMnpmNw,test,Kansas,Dust In The Wind,1978,album rock,Chorus Lead-Out,data/datasets/multtipop/test/ROmNJMnpmNw/aligned.mid,tH2w6Oxx0kQ,41.490,52.790,11.300,0,118,0,0,14,0,1
ROmNWPYAgNw,test,Nightwish,Over the Hills and Far Away,2001,opera metal,Intro,data/datasets/multtipop/test/ROmNWPYAgNw/aligned.mid,o8gXzDLNWl8,19.710,29.800,10.090,0,21,7,41,2,129,3
ROmN_GKngNw,test,Paul McCartney and Wings,My Love,1973,art rock,Verse,data/datasets/multtipop/test/ROmN_GKngNw/aligned.mid,ldp7X7hcdas,5.595,50.156,44.561,200,46,51,141,0,117,4
ROmNeBj_oNw,test,Tal Bachman,She's So High,1999,pop rock,Pre-Chorus,data/datasets/multtipop/test/ROmNeBj_oNw/aligned.mid,_ElORM9O-0U,22.718,41.152,18.434,0,134,31,35,30,0,3
ROmNlMpjxNw,test,ABC,Be Near Me,1985,sophisti-pop,Pre-Chorus,data/datasets/multtipop/test/ROmNlMpjxNw/aligned.mid,VhAgQMqVxiE,33.197,49.630,16.432,52,0,29,149,0,106,3
ROmNlQWnxNw,test,No Doubt,Spiderwebs,1995,dance rock,Pre-Chorus and Chorus,data/datasets/multtipop/test/ROmNlQWnxNw/aligned.mid,6ZktNItwexo,43.036,67.519,24.483,0,305,106,183,58,14,3
ROmNpLJQxNw,test,Lesley Gore,It's My Party,1963,brill building pop,Chorus,data/datasets/multtipop/test/ROmNpLJQxNw/aligned.mid,RjdH_NmmO0I,0.330,16.408,16.077,272,103,34,183,0,157,4
ROmNpOjAxNw,test,Europe,Carrie,1987,hard rock,Chorus,data/datasets/multtipop/test/ROmNpOjAxNw/aligned.mid,KmWE9UBFwtY,67.530,103.631,36.101,19,90,40,134,0,133,4
ROmNryeEmNw,test,Jack Johnson,Upside Down,2006,neo mellow,Chorus,data/datasets/multtipop/test/ROmNryeEmNw/aligned.mid,dqUdI4AIDF0,70.455,108.874,38.419,0,1382,33,753,0,45,3
ROmNvwZAmNw,test,Michael Jackson,Wanna Be Startin' Somethin',1983,soul,Chorus,data/datasets/multtipop/test/ROmNvwZAmNw/aligned.mid,4Uj3zitETs4,22.449,33.438,10.989,6,11,42,156,0,62,4
ROmNwDdQgNw,test,Patrick Hernandez,Born To Be Alive,1978,hi-nrg,Verse,data/datasets/multtipop/test/ROmNwDdQgNw/aligned.mid,9UaJAnnipkY,40.600,56.600,16.000,13,14,201,167,0,154,4
ROmNwjwEgNw,test,Art Garfunkel,Bright Eyes,1978,folk rock,Intro,data/datasets/multtipop/test/ROmNwjwEgNw/aligned.mid,a502RejLz8s,-0.230,26.760,26.990,0,99,18,0,0,138,2
ROmNzOJEmNw,test,Puddle of Mudd,Blurry,2002,post-grunge,Chorus,data/datasets/multtipop/test/ROmNzOJEmNw/aligned.mid,5RisBAkC0x8,73.010,86.170,13.160,0,561,66,74,32,2,3
ROmNzZajmNw,test,Crash Test Dummies,Mmm Mmm Mmm Mmm,1993,pop rock,Chorus Lead-Out,data/datasets/multtipop/test/ROmNzZajmNw/aligned.mid,t05G0983BcI,108.450,124.770,16.320,65,73,105,150,0,34,4
RPxeBnqPob_,test,Stevie Wonder,Overjoyed,1985,motown,Verse,data/datasets/multtipop/test/RPxeBnqPob_/aligned.mid,cIhd5Yc5TCY,11.269,35.398,24.128,80,49,27,234,0,76,4
RPxeLGv-gb_,test,Coldplay,Clocks,2002,permanent wave,Chorus,data/datasets/multtipop/test/RPxeLGv-gb_/aligned.mid,d020hcWA_Wg,64.205,79.795,15.590,90,134,68,134,0,67,4
RPxeXKWqgb_,test,Bomfunk MC's,Freestyler,1999,eurodance,Intro,data/datasets/multtipop/test/RPxeXKWqgb_/aligned.mid,ymNFyxvIdaM,9.290,21.912,12.622,0,37,5,0,0,97,2
RPxeYRyqxb_,test,Eurythmics,Sweet Dreams - Are Made of This,1983,,Pre-Chorus,data/datasets/multtipop/test/RPxeYRyqxb_/aligned.mid,qeMFqkcPYcg,38.015,50.378,12.364,0,0,41,39,0,101,2
RPxeYawAxb_,test,Owl City,Fireflies,2009,indietronica,Verse,data/datasets/multtipop/test/RPxeYawAxb_/aligned.mid,psuRGfAaju4,24.248,46.496,22.248,0,0,150,50,0,52,2
RPxeYjkLxb_,test,Blondie,Atomic,1980,permanent wave,Verse,data/datasets/multtipop/test/RPxeYjkLxb_/aligned.mid,zR40a7EhDR0,42.197,85.792,43.595,43,336,124,457,72,42,4
RPxe_-yzmb_,test,Sister Sledge,We Are Family,1979,disco,Verse,data/datasets/multtipop/test/RPxe_-yzmb_/aligned.mid,oMVe_HcyP9Y,65.910,99.090,33.180,194,166,107,197,0,81,4
RPxe_MOLmb_,test,Elvis Presley,Suspicious Minds,1969,rockabilly,Chorus,data/datasets/multtipop/test/RPxe_MOLmb_/aligned.mid,RxOBOhRECoo,37.970,55.930,17.960,30,74,64,121,0,83,4
RPxeeEeLxb_,test,Elton John,Candle In The Wind,1974,glam rock,Chorus,data/datasets/multtipop/test/RPxeeEeLxb_/aligned.mid,MYU3F8uUGiw,38.009,69.694,31.685,175,351,51,135,0,103,4
RPxenvaAob_,test,Otis Redding,Try a Little Tenderness,1992,soul,Chorus,data/datasets/multtipop/test/RPxenvaAob_/aligned.mid,UnPMoAb4y8U,162.008,180.907,18.899,98,0,16,110,40,38,3
RPxepln-gb_,test,Midnight Oil,Beds Are Burning,1987,australian rock,Chorus,data/datasets/multtipop/test/RPxepln-gb_/aligned.mid,ejorQVy3m8E,75.862,92.831,16.969,14,240,67,105,0,74,4
RPxevMJ-ob_,test,ATB,Don't Stop,1999,german dance,Chorus,data/datasets/multtipop/test/RPxevMJ-ob_/aligned.mid,DgvePeDIt3Y,89.899,105.043,15.144,74,47,32,435,0,58,4
RPxevYEPob_,test,Pat Benatar,Heartbreaker,1979,album rock,Pre-Chorus,data/datasets/multtipop/test/RPxevYEPob_/aligned.mid,nsSx6nXpBMg,25.151,40.210,15.059,0,126,72,158,0,37,3
Rzoj-MMMxDe,test,Spice Girls,Who Do You Think You Are,1997,dance pop,Verse and Pre-Chorus,data/datasets/multtipop/test/Rzoj-MMMxDe/aligned.mid,-YriinrRGug,23.750,57.420,33.670,211,461,155,389,0,122,4
RzojDDQkgDe,test,Lily Allen,The Fear,2008,electropop,Chorus,data/datasets/multtipop/test/RzojDDQkgDe/aligned.mid,q-wGMlSuX_c,38.309,68.045,29.736,0,391,273,301,0,183,3
RzojLKjngDe,test,Sandra,Heaven Can Wait,1988,europop,Chorus,data/datasets/multtipop/test/RzojLKjngDe/aligned.mid,WxaM1IuJ2QU,44.952,82.452,37.499,0,238,137,518,0,544,3
RzojLOnQgDe,test,ABBA,Summer Night City,1978,europop,Pre-Chorus,data/datasets/multtipop/test/RzojLOnQgDe/aligned.mid,_d5dPYHi17k,59.881,84.736,24.855,451,42,84,258,0,238,4
RzojLrzQgDe,test,Sweet,Ballroom Blitz,1973,glam rock,Chorus,data/datasets/multtipop/test/RzojLrzQgDe/aligned.mid,mPQPdYttl7U,67.951,86.642,18.691,54,340,68,132,0,176,4
RzojNNMAoDe,test,Jimmy Eat World,The Middle,2001,modern rock,Intro and Verse,data/datasets/multtipop/test/RzojNNMAoDe/aligned.mid,rubpIfLPzvU,-0.400,36.154,36.554,0,640,129,200,0,47,3
RzojNRkwoDe,test,Alicia Keys,No One,2007,neo soul,Verse,data/datasets/multtipop/test/RzojNRkwoDe/aligned.mid,rywUS-ohqeE,12.871,35.204,22.334,68,0,0,99,36,0,2
Rzoj_bjLmDe,test,Michael Jackson,Thriller,1982,soul,Verse,data/datasets/multtipop/test/Rzoj_bjLmDe/aligned.mid,WAVX-MlBfew,57.274,90.691,33.417,0,175,103,422,0,302,3
Rzoj_pRQmDe,test,Scorpions,Wind of change,1990,german hard rock,Chorus,data/datasets/multtipop/test/Rzoj_pRQmDe/aligned.mid,n4RjJKxsamQ,99.376,119.343,19.967,68,371,35,79,0,44,4
RzojaWyAxDe,test,Nine Inch Nails,Ruiner,1994,electronic rock,Chorus,data/datasets/multtipop/test/RzojaWyAxDe/aligned.mid,RkT-aMgZvQI,48.900,82.860,33.960,0,0,512,158,80,64,2
Rzojba_NoDe,test,Jewel,Hands,1998,lilith,Bridge,data/datasets/multtipop/test/Rzojba_NoDe/aligned.mid,AfsS3pIDBfw,103.522,121.211,17.689,20,197,0,147,0,77,3
RzojdwawgDe,test,Muse,Butterflies And Hurricanes,2004,modern rock,Chorus,data/datasets/multtipop/test/RzojdwawgDe/aligned.mid,hucz0qsXEUQ,124.860,155.320,30.460,717,0,224,255,60,35,3
RzojkBRjmDe,test,Janet Jackson,Again,1993,dance pop,Intro,data/datasets/multtipop/test/RzojkBRjmDe/aligned.mid,qUHtwV8wkOU,0.660,16.270,15.610,0,0,0,0,0,50,0
RzojvnbQoDe,test,ABC,Be Near Me,1985,sophisti-pop,Verse,data/datasets/multtipop/test/RzojvnbQoDe/aligned.mid,VhAgQMqVxiE,17.707,34.197,16.491,66,0,33,128,0,58,3
RzojvvNwoDe,test,Evanescence,Going Under,2003,alternative metal,Chorus,data/datasets/multtipop/test/RzojvvNwoDe/aligned.mid,CdhqVtpR2ts,54.723,83.066,28.343,8,108,72,191,50,40,4
VMgJRXrygqK,test,Spice Girls,Who Do You Think You Are,1997,dance pop,Bridge,data/datasets/multtipop/test/VMgJRXrygqK/aligned.mid,-YriinrRGug,138.240,155.370,17.130,80,264,103,179,0,128,4
VMgJVvpAgqK,test,Coldplay,Yellow,2000,permanent wave,Chorus,data/datasets/multtipop/test/VMgJVvpAgqK/aligned.mid,yKNxeF4KMsY,90.092,113.115,23.023,0,314,45,86,0,36,3
VMgJWeDDxqK,test,Crash Test Dummies,Mmm Mmm Mmm Mmm,1993,pop rock,Intro,data/datasets/multtipop/test/VMgJWeDDxqK/aligned.mid,t05G0983BcI,0.100,11.410,11.310,25,39,0,16,0,0,3
VMgJdzWkoqK,test,Phil Collins,Two Hearts,1988,rock drums,Pre-Chorus,data/datasets/multtipop/test/VMgJdzWkoqK/aligned.mid,SidxJz94Svs,77.423,90.577,13.154,38,51,59,173,0,76,4
VMgJjMjKgqK,test,Bill Withers,Lovely Day,1977,soul,Pre-Chorus and Chorus,data/datasets/multtipop/test/VMgJjMjKgqK/aligned.mid,bEeaS6fuUoA,39.299,79.331,40.032,125,529,113,595,0,183,4
VMgJkJyExqK,test,Nightwish,Amaranth,2007,opera metal,Pre-Outro,data/datasets/multtipop/test/VMgJkJyExqK/aligned.mid,GdZn7k5rZLQ,176.640,192.810,16.170,62,18,6,11,0,77,4
VMgJlNbEoqK,test,Will Young,Leave Right Now,2003,talent show,Verse,data/datasets/multtipop/test/VMgJlNbEoqK/aligned.mid,WbrSLLv0AlA,11.447,23.791,12.345,0,63,0,116,0,24,2
VMgJpznkoqK,test,Europe,The Final Countdown,1986,hard rock,Solo,data/datasets/multtipop/test/VMgJpznkoqK/aligned.mid,9jK-NcRmVcw,196.389,229.916,33.526,353,354,162,186,0,56,4
Wegl-vevxrY,test,The Cranberries,Wanted,1993,pop rock,Verse and Pre-Chorus,data/datasets/multtipop/test/Wegl-vevxrY/aligned.mid,MtVObrb9NLI,8.665,44.226,35.561,0,346,91,389,0,281,3
WeglGOdYmrY,test,Carly Simon,Coming Around Again,1986,mellow gold,Verse,data/datasets/multtipop/test/WeglGOdYmrY/aligned.mid,c0A7jAVDPJU,14.110,42.900,28.790,97,97,27,181,28,45,4
WeglGddLmrY,test,Lady Gaga,Monster,2009,dance pop,Verse and Pre-Chorus,data/datasets/multtipop/test/WeglGddLmrY/aligned.mid,mP2srT6hh2Y,29.450,64.860,35.410,0,0,54,110,98,64,2
WeglMDdAxrY,test,Boyzone,Picture Of You,1997,boy band,Verse,data/datasets/multtipop/test/WeglMDdAxrY/aligned.mid,ryCIAJRTwJg,17.439,34.878,17.439,56,24,51,157,43,8,4
WeglMlA-xrY,test,Limahl,Never Ending Story,1984,synthpop,Chorus,data/datasets/multtipop/test/WeglMlA-xrY/aligned.mid,Gf1WT8VEZxk,60.206,69.236,9.030,32,0,94,120,0,112,3
WeglMqJaxrY,test,Muse,Space Dementia,2002,modern rock,Bridge,data/datasets/multtipop/test/WeglMqJaxrY/aligned.mid,221EEHSsnRE,121.166,138.999,17.833,133,0,28,74,0,144,3
WeglOyOLmrY,test,Lily Allen,22,2009,electropop,Chorus,data/datasets/multtipop/test/WeglOyOLmrY/aligned.mid,tWjNFC-FinU,33.400,63.670,30.270,629,195,69,276,0,181,4
WeglPWNlgrY,test,Sister Sledge,We Are Family,1979,disco,Chorus,data/datasets/multtipop/test/WeglPWNlgrY/aligned.mid,eBpYgpF1bqQ,35.470,53.300,17.830,106,198,52,114,0,86,4
Wegl_EaamrY,test,Wham,Last Christmas,1984,new wave,Chorus,data/datasets/multtipop/test/Wegl_EaamrY/aligned.mid,E8gmARGvPlI,17.740,36.683,18.943,0,0,62,132,0,704,2
WeglbYb-orY,test,Stevie Wonder,Overjoyed,1985,motown,Chorus,data/datasets/multtipop/test/WeglbYb-orY/aligned.mid,cIhd5Yc5TCY,80.730,104.850,24.120,110,0,44,236,0,183,3
WegljarYorY,test,Carly Simon,Nobody Does It Better,1977,mellow gold,Intro,data/datasets/multtipop/test/WegljarYorY/aligned.mid,7__rt0hRm8s,-0.500,8.100,8.600,40,0,0,0,0,0,1
WeglkNKlmrY,test,Mariah Carey,We Belong Together,2005,dance pop,Verse,data/datasets/multtipop/test/WeglkNKlmrY/aligned.mid,0habxsuXW4g,21.518,49.994,28.476,92,2,0,8,0,145,3
WeglpADLgrY,test,Jimmy Eat World,Bleed American,2001,modern rock,Verse and Pre-Chorus,data/datasets/multtipop/test/WeglpADLgrY/aligned.mid,Ft1lxiWFbDk,60.027,84.485,24.458,0,704,128,153,0,69,3
Weglqaw-xrY,test,Rainbow,Since You've Been Gone,1986,,Verse,data/datasets/multtipop/test/Weglqaw-xrY/aligned.mid,1P17ct4e5OE,40.119,56.838,16.719,198,79,35,103,0,0,4
YAg-EOKDgle,test,John Denver,Leaving On A Jet Plane,2000,mellow gold,Pre-Chorus and Chorus,data/datasets/multtipop/test/YAg-EOKDgle/aligned.mid,vLBKOcUbHR0,61.860,97.300,35.440,49,494,43,60,0,0,4
YAg-GqDKole,test,Dixie Chicks,Ready To Run,1999,country dawn,Chorus,data/datasets/multtipop/test/YAg-GqDKole/aligned.mid,L2ksenLQ_RE,38.690,56.110,17.420,0,265,39,156,110,127,3
YAg-OWRVole,test,The Carpenters,(They Long to Be) Close to You,1970,adult standards,Chorus,data/datasets/multtipop/test/YAg-OWRVole/aligned.mid,jV127kNz0hs,54.257,76.854,22.597,212,35,18,111,0,88,4
YAg-O_rKole,test,Blink 182,What's My Age Again,1999,socal pop punk,Verse,data/datasets/multtipop/test/YAg-O_rKole/aligned.mid,K7l5ZeVVoCA,11.448,25.909,14.460,0,139,76,100,50,0,3
YAg-WVawole,test,Rupert Holmes,Escape (The Pina Colada Song),1979,yacht rock,Intro,data/datasets/multtipop/test/YAg-WVawole/aligned.mid,Xb6l38eP-4w,2.016,16.787,14.771,326,0,0,85,6,0,2
YAg-ZbWBxle,test,Limahl,Never Ending Story,1984,synthpop,Verse,data/datasets/multtipop/test/YAg-ZbWBxle/aligned.mid,Gf1WT8VEZxk,28.588,45.437,16.849,5,0,183,119,0,213,3
YAg-ZkvDxle,test,Stevie Wonder,For Once In My Life,1968,motown,Verse,data/datasets/multtipop/test/YAg-ZkvDxle/aligned.mid,l3qi3E40aWE,13.962,50.572,36.610,431,1013,131,516,0,42,4
YAg-_XGKole,test,Kaiser Chiefs,I Predict A Riot,2004,modern rock,Pre-Chorus,data/datasets/multtipop/test/YAg-_XGKole/aligned.mid,hamKl-su8PE,51.120,65.670,14.550,77,62,39,250,23,4,4
YAg-eVWagle,test,Paul McCartney,Maybe I'm Amazed,1970,classic rock,Verse,data/datasets/multtipop/test/YAg-eVWagle/aligned.mid,cdDPR8GzXy8,16.979,46.167,29.188,186,0,18,40,0,61,3
YAg-kBlJole,test,Nightwish,Ever Dream,2002,opera metal,Intro,data/datasets/multtipop/test/YAg-kBlJole/aligned.mid,cZUQ3xhmu_A,-0.500,26.370,26.870,169,0,0,0,43,126,1
YAg-kNkAole,test,Art Garfunkel,Bright Eyes,1978,folk rock,Chorus,data/datasets/multtipop/test/YAg-kNkAole/aligned.mid,a502RejLz8s,76.270,106.760,30.490,51,254,32,201,0,98,4
YAg-pGwVmle,test,Tom Petty and the Heartbreakers,Learning to Fly,1991,heartland rock,Chorus,data/datasets/multtipop/test/YAg-pGwVmle/aligned.mid,s5BJXwNeKsQ,50.131,67.562,17.432,0,376,58,129,0,22,3
YAg-qOnBgle,test,The Weather Girls,It's Raining Men,1982,hi-nrg,Chorus,data/datasets/multtipop/test/YAg-qOnBgle/aligned.mid,l5aZJBLAu1E,58.280,91.070,32.790,199,309,132,300,0,277,4
YAg-zk_Kxle,test,ABBA,The Name Of The Game,1977,europop,Intro,data/datasets/multtipop/test/YAg-zk_Kxle/aligned.mid,iJ90ZqH0PWI,1.537,14.866,13.328,16,40,66,60,0,49,4
YAg-zrwPxle,test,Blondie,Call Me,1980,permanent wave,Intro,data/datasets/multtipop/test/YAg-zrwPxle/aligned.mid,StKVS0eI85I,1.570,15.939,14.369,4,254,33,138,0,213,4
YRzojjlQoDe,test,Muse,Bliss,2001,modern rock,Verse,data/datasets/multtipop/test/YRzojjlQoDe/aligned.mid,eMqsWc8muj8,46.080,62.070,15.990,0,15,52,112,20,454,3
ZOxV-GPagdq,test,Spice Girls,Stop,1997,dance pop,Intro,data/datasets/multtipop/test/ZOxV-GPagdq/aligned.mid,5JD6ejmlpa8,7.250,23.020,15.770,275,84,60,127,0,102,4
ZOxVDnRNmdq,test,The Wonders,That Thing You Do,1996,beatlesque,Intro and Verse,data/datasets/multtipop/test/ZOxVDnRNmdq/aligned.mid,BJn-Jl2ZeQU,3.871,37.175,33.304,0,489,114,331,67,0,3
ZOxVDqPamdq,test,Destiny's Child,Bills Bills Bills,1999,,Bridge,data/datasets/multtipop/test/ZOxVDqPamdq/aligned.mid,NiF6-0UTqtc,163.428,194.875,31.448,185,3,33,369,0,311,4
ZOxVKPMBodq,test,Jimmy Eat World,The Authority Song,2004,modern rock,Chorus,data/datasets/multtipop/test/ZOxVKPMBodq/aligned.mid,AKs3G84GLVE,46.210,62.670,16.460,0,250,48,149,0,0,3
ZOxVKjKNodq,test,Lily Allen,Not Fair,2009,electropop,Chorus,data/datasets/multtipop/test/ZOxVKjKNodq/aligned.mid,fUYaosyR4bE,65.200,97.900,32.700,0,190,94,0,0,86,2
ZOxVPNYBmdq,test,Crash Test Dummies,Mmm Mmm Mmm Mmm,1993,pop rock,Pre-Chorus,data/datasets/multtipop/test/ZOxVPNYBmdq/aligned.mid,t05G0983BcI,33.710,44.940,11.230,35,54,11,16,0,0,4
ZOxVYqEGgdq,test,Jimmy Eat World,Bleed American,2001,modern rock,Intro,data/datasets/multtipop/test/ZOxVYqEGgdq/aligned.mid,Ft1lxiWFbDk,-0.160,12.910,13.070,0,214,35,68,0,1,3
ZOxVbElAxdq,test,Tal Bachman,She's So High,1999,pop rock,Intro and Verse,data/datasets/multtipop/test/ZOxVbElAxdq/aligned.mid,_ElORM9O-0U,-0.340,23.691,24.031,0,230,0,1,19,0,2
ZOxVbXKyxdq,test,Simon and Garfunkel,Bridge over Troubled Water,1970,folk rock,Intro,data/datasets/multtipop/test/ZOxVbXKyxdq/aligned.mid,4G-YQA_bsOU,0.046,24.103,24.057,164,0,0,0,3,0,1
ZOxVwYVModq,test,Tom Petty and the Heartbreakers,Learning to Fly,1991,heartland rock,Verse,data/datasets/multtipop/test/ZOxVwYVModq/aligned.mid,s5BJXwNeKsQ,17.230,51.086,33.856,0,782,114,218,0,36,3
ZbgOBjYpmnY,test,Ides Of March,Vehicle,1970,,Intro,data/datasets/multtipop/test/ZbgOBjYpmnY/aligned.mid,fiLaNEFyCiM,7.539,17.768,10.229,51,97,28,89,0,34,4
ZbgOByGwmnY,test,Radiohead,No Surprises,1997,oxford indie,Intro,data/datasets/multtipop/test/ZbgOByGwmnY/aligned.mid,eqkgpHnp7Tg,6.455,20.232,13.777,0,143,23,1,0,6,3
ZbgODakQxnY,test,Bryan Adams,Summer of 69,1985,classic canadian rock,Pre-Chorus and Chorus,data/datasets/multtipop/test/ZbgODakQxnY/aligned.mid,eFjjO_lhf9c,31.200,56.298,25.099,259,294,239,0,0,22,3
ZbgOMZyaonY,test,Diana Ross and Lionel Richie,Endless Love,1981,,Chorus,data/datasets/multtipop/test/ZbgOMZyaonY/aligned.mid,Y2RyCCC0_Lk,40.764,85.324,44.561,107,231,157,250,181,156,4
ZbgORX_-mnY,test,The Psychedelic Furs,Love My Way,1982,new wave,Chorus,data/datasets/multtipop/test/ZbgORX_-mnY/aligned.mid,LGD9i718kBU,32.655,48.755,16.100,0,268,136,184,17,132,3
ZbgORpq_mnY,test,Michael Jackson,Thriller,1982,soul,Bridge,data/datasets/multtipop/test/ZbgORpq_mnY/aligned.mid,WAVX-MlBfew,158.403,187.861,29.457,0,25,58,278,0,425,3
ZbgOVrj_mnY,test,Jermaine Jackson and Pia Zadora,When The Rain Begins To Fall,1984,,Chorus,data/datasets/multtipop/test/ZbgOVrj_mnY/aligned.mid,aahViYznVTQ,48.832,81.101,32.269,0,0,184,228,0,586,2
ZbgOaGaQonY,test,Spice Girls,2 Become 1,1996,dance pop,Pre-Chorus,data/datasets/multtipop/test/ZbgOaGaQonY/aligned.mid,FA5jsa1lR9c,40.230,54.550,14.320,44,21,43,134,0,118,4
ZbgOazj-onY,test,Evanescence,My Immortal,2003,alternative metal,Verse,data/datasets/multtipop/test/ZbgOazj-onY/aligned.mid,82v0kX95EY0,12.430,39.190,26.760,87,0,0,0,0,70,1
ZbgOknqwgnY,test,The Killers,Read My Mind,2006,modern rock,Pre-Chorus and Chorus,data/datasets/multtipop/test/ZbgOknqwgnY/aligned.mid,zc8hbSM1zVo,73.950,104.030,30.080,3,660,262,354,0,13,4
ZbgOyr_QonY,test,Christina Aguilera,I Turn To You,2000,dance pop,Chorus,data/datasets/multtipop/test/ZbgOyr_QonY/aligned.mid,z4q05resEvc,7.110,52.740,45.630,5,82,3,303,0,130,4
ZdPoDjWBgnM,test,Mary Hopkin,Those Were The Days,1968,classic uk pop,Chorus,data/datasets/multtipop/test/ZdPoDjWBgnM/aligned.mid,GielMXWQlbw,42.360,77.570,35.210,224,0,64,48,0,638,3
ZwxKJE_Zged,test,Guns N' Roses,Sweet Child O' Mine,1988,rock,Solo,data/datasets/multtipop/test/ZwxKJE_Zged/aligned.mid,oobDQ0vdm8M,92.720,111.110,18.390,0,298,59,98,0,0,3
ZwxKMyNwmed,test,Westlife,If I Let You Go,1999,boy band,Chorus,data/datasets/multtipop/test/ZwxKMyNwmed/aligned.mid,7NrQei36fJk,47.161,71.502,24.340,42,293,42,217,0,90,4
ZwxKQQpDmed,test,Nsync,It's Gonna Be Me,2000,boy band,Chorus,data/datasets/multtipop/test/ZwxKQQpDmed/aligned.mid,GQMlWwIXg3M,42.569,63.789,21.220,0,4,41,105,54,49,3
ZwxKQXrDmed,test,Sade,Smooth Operator,1984,british soul,Chorus Lead-Out,data/datasets/multtipop/test/ZwxKQXrDmed/aligned.mid,OPgmQc3OkFs,144.423,161.242,16.819,45,331,58,108,0,56,4
ZwxKWvvZxed,test,Lady Gaga,LoveGame,2009,dance pop,Chorus,data/datasets/multtipop/test/ZwxKWvvZxed/aligned.mid,1mB0tP1I-14,55.560,65.700,10.140,0,0,20,160,0,654,2
ZwxKakzjmed,test,Dido,Thank You,2001,europop,Verse,data/datasets/multtipop/test/ZwxKakzjmed/aligned.mid,1TO48Cnl66w,17.460,42.460,25.000,100,333,31,357,67,0,4
ZwxKkY-jxed,test,Daryl Hall and John Oates,Kiss On My List,1980,soft rock,Chorus,data/datasets/multtipop/test/ZwxKkY-jxed/aligned.mid,YOuhYuZLNYw,66.880,83.600,16.720,214,68,29,116,0,118,4
ZwxKpQ_joed,test,Enya,Orinico Flow,1988,,Intro and Verse,data/datasets/multtipop/test/ZwxKpQ_joed/aligned.mid,LTrk4X9ACtw,0.980,35.338,34.358,249,0,68,200,0,658,3
ZwxKpWQPoed,test,Blur,Charmless Man,1995,permanent wave,Chorus,data/datasets/multtipop/test/ZwxKpWQPoed/aligned.mid,p1a_4CN4onA,59.903,68.553,8.650,110,36,30,66,20,0,4
ZwxKqAQjmed,test,Marilyn Manson,Tourniquet,1996,industrial rock,Chorus,data/datasets/multtipop/test/ZwxKqAQjmed/aligned.mid,MmfQ7gSaJgM,73.310,95.640,22.330,0,33,90,128,32,0,3
ZwxKvpyjged,test,Michael Jackson,Thriller,1982,soul,Intro,data/datasets/multtipop/test/ZwxKvpyjged/aligned.mid,WAVX-MlBfew,16.748,46.071,29.323,0,64,18,199,0,146,3
bWgMBqpzxlX,test,Justin Timberlake,Rock Your Body,2002,dance pop,Bridge,data/datasets/multtipop/test/bWgMBqpzxlX/aligned.mid,TSVHoHyErBQ,142.040,161.900,19.860,144,106,40,131,0,61,4
bWgMDnnzmlX,test,Khaled,Aicha,1996,rai,Verse,data/datasets/multtipop/test/bWgMDnnzmlX/aligned.mid,KF9fRxbaIcw,11.052,34.557,23.504,33,132,0,36,0,39,3
bWgMOqjPolX,test,Train,Drops Of Jupiter,2001,neo mellow,Verse,data/datasets/multtipop/test/bWgMOqjPolX/aligned.mid,TCYW5qVzg7c,14.240,42.270,28.030,350,0,0,0,0,54,1
bWgMlVMEmlX,test,Genesis,Land Of Confusion,1986,art rock,Pre-Chorus,data/datasets/multtipop/test/bWgMlVMEmlX/aligned.mid,Yq7FKO5DlV0,60.163,77.880,17.717,94,11,65,161,0,92,4
bWgMpLqPmlX,test,Nine Inch Nails,Closer,1994,electronic rock,Solo 1,data/datasets/multtipop/test/bWgMpLqPmlX/aligned.mid,JTvNVxk1WnU,223.976,235.631,11.655,0,0,0,56,0,0,1
bWgMwOXkolX,test,Garbage,Special,1998,permanent wave,Chorus,data/datasets/multtipop/test/bWgMwOXkolX/aligned.mid,raRGnueg8Lo,77.490,102.200,24.710,0,0,190,332,0,42,2
bWgMwWwJolX,test,Steps,Last Thing On My Mind,1998,europop,Verse and Pre-Chorus,data/datasets/multtipop/test/bWgMwWwJolX/aligned.mid,QnN3YATAe7o,14.530,38.530,24.000,110,0,176,385,0,208,3
bWgMwZBkolX,test,Cascada,Evacuate The Dancefloor,2009,europop,Chorus,data/datasets/multtipop/test/bWgMwZBkolX/aligned.mid,A68j28KQaik,37.590,53.730,16.140,52,0,37,100,0,400,3
bWgMyDKPglX,test,Las Ketchup,Asereje,2002,flamenco electronica,Verse and Pre-Chorus,data/datasets/multtipop/test/bWgMyDKPglX/aligned.mid,V0PisGe66mY,10.339,37.308,26.969,115,784,57,738,0,181,4
dPoD-_EqmnM,test,Brewer and Shipley,One Toke Over The Line,1970,country rock,Chorus,data/datasets/multtipop/test/dPoD-_EqmnM/aligned.mid,L9HXClusp_E,63.330,89.040,25.710,342,0,68,167,0,38,3
dPoDJJGXgnM,test,Justin Timberlake,Rock Your Body,2002,dance pop,Chorus,data/datasets/multtipop/test/dPoDJJGXgnM/aligned.mid,TSVHoHyErBQ,9.110,19.520,10.410,30,108,26,63,0,26,4
dPoDJeqlgnM,test,Whitney Houston,So Emotional,1987,pop,Chorus,data/datasets/multtipop/test/dPoDJeqlgnM/aligned.mid,0YjSHbA6HQQ,69.670,88.660,18.990,41,115,60,196,0,93,4
dPoDKGLlxnM,test,Jimmy Eat World,Pain,2004,modern rock,Chorus,data/datasets/multtipop/test/dPoDKGLlxnM/aligned.mid,McoE-FXGDrU,22.807,35.198,12.390,0,408,65,107,63,0,3
dPoDKaLBxnM,test,Rage Against The Machine,Killing In The Name,1992,rock,Intro and Verse,data/datasets/multtipop/test/dPoDKaLBxnM/aligned.mid,bWXazVhlyxQ,17.249,40.897,23.648,0,193,87,155,0,0,3
dPoDNyvAgnM,test,Evanescence,My Immortal,2003,alternative metal,Chorus,data/datasets/multtipop/test/dPoDNyvAgnM/aligned.mid,82v0kX95EY0,50.780,77.620,26.840,228,0,0,0,0,174,1
dPoDWPaZxnM,test,Eric Clapton,Tears In Heaven,1992,classic rock,Bridge,data/datasets/multtipop/test/dPoDWPaZxnM/aligned.mid,JxPj3GAYYZ0,125.219,151.072,25.853,53,212,0,0,0,130,2
dPoDZllqgnM,test,Rihanna,Disturbia,2008,barbadian pop,Chorus,data/datasets/multtipop/test/dPoDZllqgnM/aligned.mid,E1mU6h4Xdxc,70.318,101.964,31.646,19,0,0,387,0,749,2
dPoDnVRRgnM,test,Steely Dan,Peg,1977,mellow gold,Verse,data/datasets/multtipop/test/dPoDnVRRgnM/aligned.mid,9KHQnlFwxzU,16.326,41.890,25.564,150,153,103,194,0,0,4
dPoDpGdAonM,test,Fergie,Clumsy,2007,dance pop,Pre-Chorus,data/datasets/multtipop/test/dPoDpGdAonM/aligned.mid,tf_gPZSDIxI,52.441,63.740,11.299,0,49,14,64,34,59,3
dPoDqGwlmnM,test,Christina Aguilera,I Turn To You,2000,dance pop,Bridge,data/datasets/multtipop/test/dPoDqGwlmnM/aligned.mid,z4q05resEvc,164.750,195.980,31.230,0,219,30,211,0,92,3
dVMgJwXExqK,test,Jack Johnson,Breakdown,2005,neo mellow,Chorus,data/datasets/multtipop/test/dVMgJwXExqK/aligned.mid,Y4O7ufx9D_s,39.420,53.240,13.820,0,343,24,78,19,0,3
dZbgORJ-mnY,test,The Chiffons,He's So Fine,1963,brill building pop,Verse,data/datasets/multtipop/test/dZbgORJ-mnY/aligned.mid,6AhMyKoc100,6.800,34.420,27.620,319,0,54,0,52,91,2
d_gw-wwboGV,test,Garbage,The World Is Not Enough,1999,permanent wave,Intro,data/datasets/multtipop/test/d_gw-wwboGV/aligned.mid,eI7KxEerCYo,11.108,34.366,23.258,118,26,77,135,0,175,4
d_gwBOAKmGV,test,Jordin Sparks,One Step at a Time,2008,dance pop,Intro,data/datasets/multtipop/test/d_gwBOAKmGV/aligned.mid,PIE5QtkxzvM,9.210,19.620,10.410,0,0,0,70,27,53,1
d_gwBRkrmGV,test,Marc Anthony,I Need to Know,1999,tropical,Intro,data/datasets/multtipop/test/d_gwBRkrmGV/aligned.mid,fLVzw9wVd9o,10.110,19.450,9.340,95,0,25,77,0,105,3
d_gwEDZQoGV,test,John Michael Montgomery,Sold (The Grundy County Auction Incident),1995,country,Chorus,data/datasets/multtipop/test/d_gwEDZQoGV/aligned.mid,Elj13nfe1Ng,25.280,42.860,17.580,108,215,33,115,0,95,4
d_gwEdAVoGV,test,Spice Girls,2 Become 1,1996,dance pop,Verse,data/datasets/multtipop/test/d_gwEdAVoGV/aligned.mid,FA5jsa1lR9c,13.620,41.930,28.310,73,49,78,276,0,197,4
d_gwKMargGV,test,Gwen Stefani,What You Waiting For,2004,dance pop,Chorus,data/datasets/multtipop/test/d_gwKMargGV/aligned.mid,yWA4uJOXF-g,245.693,267.735,22.042,77,69,0,0,0,291,2
d_gwKZ-AgGV,test,Jewel,Hands,1998,lilith,Intro and Verse,data/datasets/multtipop/test/d_gwKZ-AgGV/aligned.mid,AfsS3pIDBfw,0.590,23.930,23.341,2,102,0,4,0,48,3
d_gwKlVegGV,test,Nine Inch Nails,Closer,1994,electronic rock,Solo 2,data/datasets/multtipop/test/d_gwKlVegGV/aligned.mid,JTvNVxk1WnU,287.950,299.409,11.459,0,0,6,59,0,0,2
d_gwQlyroGV,test,Metallica,Fade To Black,1984,rock,Intro,data/datasets/multtipop/test/d_gwQlyroGV/aligned.mid,WEQnzs8wl6E,7.720,17.070,9.350,0,57,2,0,0,2,2
d_gwR-_VmGV,test,Sheena Easton,Morning Train (Nine to Five),1980,new wave pop,Chorus,data/datasets/multtipop/test/d_gwR-_VmGV/aligned.mid,S_3vZYOYNYU,51.732,84.306,32.573,480,0,54,306,0,440,3
d_gwRyyQmGV,test,Phil Collins,Two Hearts,1988,rock drums,Verse,data/datasets/multtipop/test/d_gwRyyQmGV/aligned.mid,SidxJz94Svs,65.093,78.297,13.204,49,51,49,173,0,36,4
d_gwWBBMgGV,test,Aqua,Roses Are Red,1997,europop,Chorus,data/datasets/multtipop/test/d_gwWBBMgGV/aligned.mid,0JZUbrCsRQs,74.370,89.100,14.730,120,0,97,222,54,11,3
d_gwaYZeoGV,test,Foreigner,I Want to Know What Love Is,1984,album rock,Intro,data/datasets/multtipop/test/d_gwaYZeoGV/aligned.mid,loWXMtjUZWM,-0.190,15.619,15.809,2,3,6,86,0,21,4
d_gwdN_QxGV,test,Five,When The Lights Go Out,1998,,Chorus,data/datasets/multtipop/test/d_gwdN_QxGV/aligned.mid,mpdcKmaHk_s,69.400,93.780,24.380,175,45,52,309,219,288,4
d_gwdlQbxGV,test,Spice Girls,Goodbye,1998,dance pop,Instrumental,data/datasets/multtipop/test/d_gwdlQbxGV/aligned.mid,eegDtyrSUZw,168.520,187.010,18.490,73,40,26,156,0,131,4
d_gwkbQNgGV,test,Simon and Garfunkel,Bridge over Troubled Water,1970,folk rock,Verse,data/datasets/multtipop/test/d_gwkbQNgGV/aligned.mid,4G-YQA_bsOU,20.099,47.477,27.378,168,0,0,0,19,0,1
d_gwq-jVoGV,test,Wham,Last Christmas,1984,new wave,Instrumental,data/datasets/multtipop/test/d_gwq-jVoGV/aligned.mid,E8gmARGvPlI,53.700,72.735,19.035,52,0,64,205,0,467,3
d_gwqzOQoGV,test,No Doubt,Spiderwebs,1995,dance rock,Verse,data/datasets/multtipop/test/d_gwqzOQoGV/aligned.mid,6ZktNItwexo,22.768,43.921,21.153,0,102,66,137,34,7,3
d_gwwEBrgGV,test,Jackson 5,ABC,1970,motown,Chorus,data/datasets/multtipop/test/d_gwwEBrgGV/aligned.mid,niXNQ5dEcEA,25.423,46.652,21.229,147,109,51,375,0,154,4
d_gwwMBMgGV,test,Wham,Wake Me Up Before You Go-Go,1984,new wave,Verse,data/datasets/multtipop/test/d_gwwMBMgGV/aligned.mid,pIgZ7gMze7A,10.718,38.222,27.504,342,28,67,136,86,0,4
d_gwwdaNgGV,test,White Town,Your Woman,1997,derby indie,Pre-Chorus and Chorus,data/datasets/multtipop/test/d_gwwdaNgGV/aligned.mid,3OMEWH8vilU,51.047,89.325,38.278,458,146,356,388,0,158,4
d_gwwrBNgGV,test,Madonna,Celebration,2009,dance pop,Verse,data/datasets/multtipop/test/d_gwwrBNgGV/aligned.mid,D_hd3C0UBkM,14.984,30.451,15.467,0,0,216,222,0,68,2
d_gwwwXNgGV,test,ABC,Be Near Me,1985,sophisti-pop,Chorus,data/datasets/multtipop/test/d_gwwwXNgGV/aligned.mid,VhAgQMqVxiE,48.730,68.982,20.253,109,0,73,150,0,101,3
d_gwyJBeoGV,test,Evanescence,Lithium,2006,alternative metal,Chorus,data/datasets/multtipop/test/d_gwyJBeoGV/aligned.mid,PJGpsL_XYQI,-0.500,9.390,9.890,34,0,0,0,0,0,1
eWxL-aGpoaK,test,Bic Runga,Sway,1997,nz singer-songwriter,Chorus,data/datasets/multtipop/test/eWxL-aGpoaK/aligned.mid,3YSa6xlDFGo,71.510,92.530,21.020,0,202,64,116,0,64,3
eWxLJEaRmaK,test,Pink Floyd,Time,1973,rock,Chorus,data/datasets/multtipop/test/eWxLJEaRmaK/aligned.mid,-EzURpTF5c8,167.728,198.969,31.241,210,64,28,169,0,57,4
eWxLb-PkmaK,test,The Cranberries,You and Me,2000,pop rock,Verse,data/datasets/multtipop/test/eWxLb-PkmaK/aligned.mid,84zVbHX7lVw,9.590,30.830,21.240,0,92,49,214,0,62,3
eWxLdVLKxaK,test,Rage Against The Machine,Killing In The Name,1992,rock,Verse and Pre-Chorus,data/datasets/multtipop/test/eWxLdVLKxaK/aligned.mid,bWXazVhlyxQ,76.835,89.688,12.853,0,68,45,54,0,0,3
eWxLnaAMmaK,test,Evanescence,Going Under,2003,alternative metal,Pre-Chorus,data/datasets/multtipop/test/eWxLnaAMmaK/aligned.mid,CdhqVtpR2ts,46.880,58.340,11.460,39,0,0,40,13,8,2
eWxLpVVExaK,test,Nine Inch Nails,Closer,1994,electronic rock,Chorus Lead-Out,data/datasets/multtipop/test/eWxLpVVExaK/aligned.mid,JTvNVxk1WnU,84.988,107.530,22.542,268,174,164,258,0,0,4
jDgXAQNnxKl,test,Blondie,Sunday Girl,1978,permanent wave,Chorus,data/datasets/multtipop/test/jDgXAQNnxKl/aligned.mid,_Y7fsowFepU,32.584,48.122,15.539,138,94,64,149,0,45,4
jDgXARYexKl,test,Blink 182,What's My Age Again,1999,socal pop punk,Chorus,data/datasets/multtipop/test/jDgXARYexKl/aligned.mid,K7l5ZeVVoCA,24.967,42.636,17.670,0,365,80,123,59,0,3
jDgXJK-noKl,test,Guns N' Roses,November Rain,1992,rock,Verse,data/datasets/multtipop/test/jDgXJK-noKl/aligned.mid,8SbUC-UaAxE,88.606,114.524,25.919,154,0,0,51,0,12,2
jDgXNwVdoKl,test,Falco,Jeanny,1985,neue deutsche welle,Chorus,data/datasets/multtipop/test/jDgXNwVdoKl/aligned.mid,Urw-iutHw5E,81.130,101.260,20.130,132,22,28,98,0,138,4
jDgXQVa_xKl,test,The Psychedelic Furs,Love My Way,1982,new wave,Intro,data/datasets/multtipop/test/jDgXQVa_xKl/aligned.mid,LGD9i718kBU,2.297,18.374,16.077,0,268,28,112,19,118,3
jDgXR_ReoKl,test,Spice Girls,2 Become 1,1996,dance pop,Outro,data/datasets/multtipop/test/jDgXR_ReoKl/aligned.mid,FA5jsa1lR9c,187.080,207.970,20.890,74,18,75,201,0,238,4
jDgXR_VLoKl,test,Puddle of Mudd,Blurry,2002,post-grunge,Verse and Pre-Chorus,data/datasets/multtipop/test/jDgXR_VLoKl/aligned.mid,5RisBAkC0x8,21.240,74.170,52.930,0,1478,180,542,124,138,3
jDgXbQzEoKl,test,blink-182,The Rock Show,2001,socal pop punk,Verse,data/datasets/multtipop/test/jDgXbQzEoKl/aligned.mid,z7hhDINyBP0,31.114,51.934,20.821,0,602,125,242,48,0,3
jDgXjXjLoKl,test,Coldplay,Square One,2005,permanent wave,Verse,data/datasets/multtipop/test/jDgXjXjLoKl/aligned.mid,zRralTaPR9I,105.300,136.880,31.580,76,92,110,323,36,184,4
jDgXyNRexKl,test,ABBA,The Name Of The Game,1977,europop,Verse,data/datasets/multtipop/test/jDgXyNRexKl/aligned.mid,iJ90ZqH0PWI,13.966,39.964,25.998,96,83,139,125,0,104,4
jDgXyPWLxKl,test,Tony Orlando and Dawn,Tie A Yellow Ribbon Round The Old Oak Tree,1973,,Chorus,data/datasets/multtipop/test/jDgXyPWLxKl/aligned.mid,PxG9XFqHSFw,39.573,69.370,29.797,3,879,0,261,0,286,3
jDgXyYbnxKl,test,Blondie,Call Me,1980,permanent wave,Verse,data/datasets/multtipop/test/jDgXyYbnxKl/aligned.mid,StKVS0eI85I,15.021,29.361,14.340,96,132,34,198,0,27,4
jDgXzvEqoKl,test,Alicia Keys,No One,2007,neo soul,Chorus,data/datasets/multtipop/test/jDgXzvEqoKl/aligned.mid,rywUS-ohqeE,55.563,88.338,32.775,101,0,63,146,54,129,3
knJmBpybxAV,test,Dion and the Belmonts,Teenager in Love,1959,brill building pop,Verse,data/datasets/multtipop/test/knJmBpybxAV/aligned.mid,o-Xvgv92GBc,12.670,25.820,13.150,0,164,31,86,0,78,3
knJmBvr_mAV,test,Sting,Desert Rose,1999,sophisti-pop,Verse,data/datasets/multtipop/test/knJmBvr_mAV/aligned.mid,C3lWwBslWqg,51.660,69.860,18.200,0,0,9,384,37,338,2
kwxAbD-AoKG,test,Kings of Leon,Use Somebody,2008,modern rock,Intro,data/datasets/multtipop/test/kwxAbD-AoKG/aligned.mid,gnhXHvRoUd0,2.523,31.626,29.104,0,682,112,126,5,2,3
kwxApNkrgKG,test,Dexys Midnight Runners,Come On Eileen,1982,new wave,Chorus,data/datasets/multtipop/test/kwxApNkrgKG/aligned.mid,GbpnAGajyMc,85.698,103.938,18.241,0,64,46,118,0,63,3
kwxArqQDoKG,test,Madonna,Celebration,2009,dance pop,Pre-Chorus,data/datasets/multtipop/test/kwxArqQDoKG/aligned.mid,D_hd3C0UBkM,30.293,46.489,16.196,12,0,230,234,0,88,3
kwxArwzAoKG,test,Backstreet Boys,The One,1996,boy band,Pre-Chorus,data/datasets/multtipop/test/kwxArwzAoKG/aligned.mid,bnzymu58Gn4,35.012,53.388,18.376,6,311,32,181,0,134,4
kwxAwPeDmKG,test,Pink Floyd,Hey You,1979,rock,Verse,data/datasets/multtipop/test/kwxAwPeDmKG/aligned.mid,TFjmvfRvjTc,34.950,74.600,39.650,57,146,13,0,0,56,3
kwxAynkAxKG,test,Coldplay,Yellow,2000,permanent wave,Verse,data/datasets/multtipop/test/kwxAynkAxKG/aligned.mid,yKNxeF4KMsY,34.852,52.472,17.620,0,275,50,88,0,22,3
kygzEPlbmKB,test,Whitney Houston,Run To You,1993,pop,Chorus,data/datasets/multtipop/test/kygzEPlbmKB/aligned.mid,h9rCobRl-ng,56.220,102.913,46.694,100,217,84,204,238,230,4
kygzJJ-ngKB,test,The Buggles,Video Killed The Radio Star,1979,early synthpop,Instrumental,data/datasets/multtipop/test/kygzJJ-ngKB/aligned.mid,W8r-tXRLazs,106.183,127.310,21.127,211,12,33,99,0,150,4
kygzJKOLgKB,test,Gwen Stefani,Early Winter,2008,dance pop,Verse and Pre-Chorus,data/datasets/multtipop/test/kygzJKOLgKB/aligned.mid,0S7Qu5HMiCA,8.609,45.901,37.292,84,0,166,299,0,83,3
kygzJjrBgKB,test,Foreigner,I Want To Know What Love Is,1984,album rock,Verse,data/datasets/multtipop/test/kygzJjrBgKB/aligned.mid,loWXMtjUZWM,13.149,70.327,57.178,82,19,80,350,0,106,4
kygzKDKnxKB,test,Whitney Houston,One Moment In Time,1988,pop,Chorus,data/datasets/multtipop/test/kygzKDKnxKB/aligned.mid,96aAx0kxVSA,101.690,130.270,28.580,143,137,70,176,37,179,4
kygzOAYBxKB,test,Destiny's Child,Say My Name,1999,dance pop,Chorus,data/datasets/multtipop/test/kygzOAYBxKB/aligned.mid,sQgd6MccwZc,70.490,101.110,30.620,0,238,44,54,0,210,3
kygzQlYPmKB,test,Owl City,Fireflies,2009,indietronica,Chorus Lead-Out,data/datasets/multtipop/test/kygzQlYPmKB/aligned.mid,psuRGfAaju4,66.873,89.051,22.178,4,0,148,52,0,146,3
kygzVRrbgKB,test,Bomfunk MC's,Freestyler,1999,eurodance,Chorus Lead-Out,data/datasets/multtipop/test/kygzVRrbgKB/aligned.mid,ymNFyxvIdaM,114.779,130.350,15.570,0,48,28,172,0,37,3
kygzYeZzmKB,test,ABBA,Our Last Summer,1980,europop,Chorus,data/datasets/multtipop/test/kygzYeZzmKB/aligned.mid,KoyNlVQbUPc,37.666,60.555,22.889,111,224,30,116,34,96,4
kygzabljmKB,test,Spice Girls,2 Become 1,1996,dance pop,Chorus,data/datasets/multtipop/test/kygzabljmKB/aligned.mid,FA5jsa1lR9c,50.260,74.550,24.290,85,30,121,234,0,272,4
kygzkYNjxKB,test,Alice Deejay,Better Off Alone,1999,eurodance,Verse,data/datasets/multtipop/test/kygzkYNjxKB/aligned.mid,lHjNmyzrVvM,91.167,106.150,14.983,0,136,178,250,0,291,3
kygzkrABxKB,test,David Bisbal,Ave Maria,2006,,Chorus,data/datasets/multtipop/test/kygzkrABxKB/aligned.mid,gra-sIV1n4U,74.772,93.891,19.119,51,598,45,395,0,329,4
kygzleyjoKB,test,Destiny's Child,No No No Part 1,1997,,Chorus,data/datasets/multtipop/test/kygzleyjoKB/aligned.mid,XQtoCz9dIJQ,28.880,65.420,36.540,87,86,33,140,0,188,4
kygzpLrboKB,test,Spice Girls,Goodbye,1998,dance pop,Intro,data/datasets/multtipop/test/kygzpLrboKB/aligned.mid,eegDtyrSUZw,9.110,25.040,15.930,100,36,14,105,0,66,4
kygzzzlbgKB,test,ABBA,Ring Ring,1973,europop,Chorus,data/datasets/multtipop/test/kygzzzlbgKB/aligned.mid,gIivqQ5T8sE,42.249,84.987,42.738,881,635,119,1081,75,1,4
lamk-VQZxDM,test,Owl City,Fireflies,2009,indietronica,Intro,data/datasets/multtipop/test/lamk-VQZxDM/aligned.mid,psuRGfAaju4,2.931,14.470,11.539,0,0,57,0,0,2,1
lamkDpbMgDM,test,Keane,This Is The Last Time,2003,neo mellow,Chorus,data/datasets/multtipop/test/lamkDpbMgDM/aligned.mid,CcW7dHFhG_s,44.471,74.556,30.085,529,0,132,411,64,35,3
lamkDrbvgDM,test,The Gap Band,Outstanding,1982,funk,Intro,data/datasets/multtipop/test/lamkDrbvgDM/aligned.mid,MjtOzLfebgY,15.147,35.439,20.292,101,61,46,136,0,0,4
lamkR-JYoDM,test,Pat Benatar,Heartbreaker,1979,album rock,Verse,data/datasets/multtipop/test/lamkR-JYoDM/aligned.mid,nsSx6nXpBMg,12.855,26.075,13.220,0,127,62,127,0,97,3
lamkX_WVgDM,test,Simon and Garfunkel,Bridge over Troubled Water,1970,folk rock,Chorus,data/datasets/multtipop/test/lamkX_WVgDM/aligned.mid,4G-YQA_bsOU,63.906,90.734,26.828,217,0,0,0,29,0,1
lamkpwOZgDM,test,Lady Gaga,The Fame,2008,dance pop,Chorus,data/datasets/multtipop/test/lamkpwOZgDM/aligned.mid,sz7N70IU6EE,49.138,80.493,31.355,0,240,0,340,168,110,2
lamkwAJvmDM,test,Beck,Lost Cause,2002,alternative rock,Intro and Verse,data/datasets/multtipop/test/lamkwAJvmDM/aligned.mid,qkNa5xzOe5U,8.330,41.090,32.760,0,217,0,0,19,0,1
nJmBOYjAgAV,test,Boney M,Sunny,1976,europop,Verse,data/datasets/multtipop/test/nJmBOYjAgAV/aligned.mid,S-u6qdeaPoE,28.070,60.489,32.419,64,364,77,542,0,192,4
nJmBRMREmAV,test,Owl City,Fireflies,2009,indietronica,Bridge,data/datasets/multtipop/test/nJmBRMREmAV/aligned.mid,psuRGfAaju4,112.168,134.456,22.288,21,0,36,50,0,162,3
nJmBWdEpgAV,test,Metallica,The Unforgiven 2,1997,,Bridge,data/datasets/multtipop/test/nJmBWdEpgAV/aligned.mid,5bt7kAVxKfs,6.550,21.870,15.320,0,152,16,94,0,2,3
nJmBa-DdoAV,test,Keane,This Is The Last Time,2003,neo mellow,Pre-Chorus,data/datasets/multtipop/test/nJmBa-DdoAV/aligned.mid,CcW7dHFhG_s,29.813,45.476,15.662,218,0,45,133,33,43,3
nJmBjpAbmAV,test,Foo Fighters,Learn To Fly,1999,rock,Chorus,data/datasets/multtipop/test/nJmBjpAbmAV/aligned.mid,1VQ_3sBZEm0,72.533,101.842,29.309,0,644,101,221,65,0,3
nJmBjyPXmAV,test,Jack Johnson,Upside Down,2006,neo mellow,Verse,data/datasets/multtipop/test/nJmBjyPXmAV/aligned.mid,dqUdI4AIDF0,32.918,52.667,19.749,0,378,41,226,0,39,3
nJmBk-XXgAV,test,Janet Jackson,Again,1993,dance pop,Verse and Pre-Chorus,data/datasets/multtipop/test/nJmBk-XXgAV/aligned.mid,qUHtwV8wkOU,15.320,75.510,60.190,116,0,0,0,0,250,1
nJmBkAWEgAV,test,Carly Simon,Coming Around Again,1986,mellow gold,Chorus,data/datasets/multtipop/test/nJmBkAWEgAV/aligned.mid,c0A7jAVDPJU,41.960,63.900,21.940,93,93,29,145,43,181,4
nJmBkWVpgAV,test,Rihanna,Disturbia,2008,barbadian pop,Pre-Chorus,data/datasets/multtipop/test/nJmBkWVpgAV/aligned.mid,E1mU6h4Xdxc,131.830,148.190,16.360,0,0,0,128,0,187,1
nJmBkWWpgAV,test,Lady Gaga,Monster,2009,dance pop,Bridge,data/datasets/multtipop/test/nJmBkWWpgAV/aligned.mid,mP2srT6hh2Y,159.610,211.170,51.560,0,0,20,170,134,224,2
nJmBlBEdxAV,test,Owl City,Fireflies,2009,indietronica,Chorus,data/datasets/multtipop/test/nJmBlBEdxAV/aligned.mid,psuRGfAaju4,154.946,199.812,44.866,239,0,38,160,0,207,3
nJmBlqjbxAV,test,Ides Of March,Vehicle,1970,,Chorus,data/datasets/multtipop/test/nJmBlqjbxAV/aligned.mid,fiLaNEFyCiM,25.976,45.604,19.628,66,133,66,174,0,145,4
nJmBlwa_xAV,test,Lit,My Own Worst Enemy,1999,socal pop punk,Intro,data/datasets/multtipop/test/nJmBlwa_xAV/aligned.mid,sc5iTNVEOAg,12.925,32.461,19.536,0,268,26,73,0,0,3
nJmBpAYAxAV,test,Ozzy Osbourne,Crazy Train,1980,birmingham metal,Chorus,data/datasets/multtipop/test/nJmBpAYAxAV/aligned.mid,tMDFv5m18Pw,66.821,81.618,14.797,26,0,276,244,101,52,3
nJmBpzMWxAV,test,Depeche Mode,Enjoy the Silence,1990,dance rock,Intro,data/datasets/multtipop/test/nJmBpzMWxAV/aligned.mid,aGSKrC7dGcY,17.119,34.983,17.863,0,64,97,99,24,82,3
nJmBywLdoAV,test,10cc,I'm Not In Love,1975,glam rock,Intro,data/datasets/multtipop/test/nJmBywLdoAV/aligned.mid,PC2HkP5gR2g,7.480,36.970,29.490,202,187,21,48,0,22,4
nLga-l_lgYp,test,Elvis Presley,Suspicious Minds,1969,rockabilly,Bridge,data/datasets/multtipop/test/nLga-l_lgYp/aligned.mid,RxOBOhRECoo,37.970,55.930,17.960,30,74,64,121,0,83,4
nLgaGErGoYp,test,10cc,I'm Not In Love,1975,glam rock,Bridge,data/datasets/multtipop/test/nLgaGErGoYp/aligned.mid,PC2HkP5gR2g,204.530,219.820,15.290,109,83,29,62,0,62,4
nLgaGNQEoYp,test,Spice Girls,2 Become 1,1996,dance pop,Intro,data/datasets/multtipop/test/nLgaGNQEoYp/aligned.mid,FA5jsa1lR9c,0.040,14.630,14.590,36,24,11,141,0,142,4
nLgaKJbboYp,test,Rainbow,Since You've Been Gone,1986,,Chorus,data/datasets/multtipop/test/nLgaKJbboYp/aligned.mid,1P17ct4e5OE,63.911,88.669,24.758,214,233,63,384,0,0,4
nLgaLYzGmYp,test,Coldplay,Clocks,2002,permanent wave,Intro,data/datasets/multtipop/test/nLgaLYzGmYp/aligned.mid,d020hcWA_Wg,20.233,35.883,15.650,94,130,65,130,0,79,4
nLgaNMZBxYp,test,Muse,Stockholm Syndrome,2005,modern rock,Chorus,data/datasets/multtipop/test/nLgaNMZBxYp/aligned.mid,XPYLIy3FWpk,80.430,120.500,40.070,309,144,180,271,36,0,4
nLgaNeKBxYp,test,Berlin,Take My Breath Away,1986,new wave pop,Verse and Pre-Chorus,data/datasets/multtipop/test/nLgaNeKBxYp/aligned.mid,Bx51eegLTY8,10.840,51.680,40.840,63,0,94,265,0,112,3
nLgaZnWzxYp,test,Foreigner,I Want to Know What Love Is,1984,album rock,Pre-Chorus,data/datasets/multtipop/test/nLgaZnWzxYp/aligned.mid,loWXMtjUZWM,67.827,95.336,27.509,112,0,52,159,0,75,3
nLgaZyNbxYp,test,Gwen Stefani,Early Winter,2008,dance pop,Bridge,data/datasets/multtipop/test/nLgaZyNbxYp/aligned.mid,0S7Qu5HMiCA,141.440,161.582,20.142,21,75,117,46,0,72,4
nLga_nMboYp,test,Robbie Williams,Advertising Space,2005,dance rock,Intro,data/datasets/multtipop/test/nLga_nMboYp/aligned.mid,AHU-8yb11CQ,-0.160,17.810,17.970,0,171,15,0,0,19,2
nLgadkkGmYp,test,Garbage,The World Is Not Enough,1999,permanent wave,Verse,data/datasets/multtipop/test/nLgadkkGmYp/aligned.mid,eI7KxEerCYo,55.682,78.994,23.312,11,37,33,105,0,104,4
nLgajQvlxYp,test,Radiohead,Pyramid Song,2001,oxford indie,Verse,data/datasets/multtipop/test/nLgajQvlxYp/aligned.mid,3M_Gg1xAHE4,43.033,61.980,18.947,99,0,0,0,0,0,1
nLgakVNzoYp,test,Ne-Yo,Closer,2008,dance pop,Verse and Pre-Chorus,data/datasets/multtipop/test/nLgakVNzoYp/aligned.mid,z_aC5xPQ2f4,14.820,61.421,46.601,47,411,10,541,0,88,4
nLgakdLdoYp,test,Incubus,Drive,2000,funk rock,Pre-Chorus,data/datasets/multtipop/test/nLgakdLdoYp/aligned.mid,fgT9zGkiLig,41.991,64.112,22.121,0,352,25,114,0,50,3
nLgapObGmYp,test,Lady Gaga,The Fame,2008,dance pop,Verse and Pre-Chorus,data/datasets/multtipop/test/nLgapObGmYp/aligned.mid,sz7N70IU6EE,18.913,50.138,31.225,0,285,0,359,88,53,2
nRPxeXRLgb_,test,Lady Gaga,Speechless,2009,dance pop,Verse,data/datasets/multtipop/test/nRPxeXRLgb_/aligned.mid,BMcs4pbsmeg,13.840,41.280,27.440,137,0,32,113,0,24,3
nZgWAblrory,test,Johnny Hates Jazz,Shattered Dreams,1987,sophisti-pop,Verse and Pre-Chorus,data/datasets/multtipop/test/nZgWAblrory/aligned.mid,Kz5scjSQ_WE,25.058,41.838,16.780,101,0,18,185,0,81,3
nZgWEa-Eory,test,Marvin Gaye and Tammi Terrell,Ain't Nothing Like the Real Thing,1968,motown,Verse,data/datasets/multtipop/test/nZgWEa-Eory/aligned.mid,Jz_D-greh8Q,28.618,42.639,14.021,102,95,24,214,0,108,4
nZgWKwpYgry,test,Destiny's Child,Say My Name,1999,dance pop,Pre-Chorus,data/datasets/multtipop/test/nZgWKwpYgry/aligned.mid,sQgd6MccwZc,56.500,71.430,14.930,0,19,47,59,0,145,3
nZgWMNrBory,test,Enya,Anywhere Is,1995,middle earth,Chorus,data/datasets/multtipop/test/nZgWMNrBory/aligned.mid,9h-sqcM4LCs,32.099,42.956,10.857,0,0,0,3,0,208,1
nZgWM_-zory,test,Carrie Underwood,So Small,2007,classic oklahoma country,Verse,data/datasets/multtipop/test/nZgWM_-zory/aligned.mid,nEQj6RrQbgA,12.609,26.519,13.909,52,150,6,100,38,6,4
nZgWOyE_gry,test,Carrie Underwood,Cowboy Casanova,2009,classic oklahoma country,Chorus,data/datasets/multtipop/test/nZgWOyE_gry/aligned.mid,oM7NQQ0Lfu4,55.760,86.720,30.960,0,237,62,142,150,201,3
nZgWWWZwgry,test,Christina Aguilera,Genie In A Bottle,1999,dance pop,Chorus,data/datasets/multtipop/test/nZgWWWZwgry/aligned.mid,kIDWgqDBNXA,45.840,68.990,23.150,297,16,0,349,0,518,3
nZgWW_XEgry,test,Snap,Rhythm Is A Dancer,1992,hip house,Intro,data/datasets/multtipop/test/nZgWW_XEgry/aligned.mid,u_ppF2yK4NM,-0.500,8.160,8.660,0,0,0,0,0,98,0
nZgW_YDEgry,test,Train,Drops Of Jupiter,2001,neo mellow,Chorus,data/datasets/multtipop/test/nZgW_YDEgry/aligned.mid,TCYW5qVzg7c,53.480,78.470,24.990,260,328,11,0,0,104,3
nZgWdDbYxry,test,Rage Against The Machine,Killing In The Name,1992,rock,Verse,data/datasets/multtipop/test/nZgWdDbYxry/aligned.mid,bWXazVhlyxQ,53.295,65.979,12.684,0,69,46,56,0,0,3
nZgWpQRrxry,test,Sade,Smooth Operator,1984,british soul,Verse,data/datasets/multtipop/test/nZgWpQRrxry/aligned.mid,OPgmQc3OkFs,56.217,89.138,32.920,180,0,67,371,0,59,3
nZgWybGEory,test,Donna Summer,I Feel Love,1977,disco,Chorus,data/datasets/multtipop/test/nZgWybGEory/aligned.mid,k8TBmeK9Abg,161.899,178.031,16.132,43,0,133,183,0,50,3
nvgy-Ew_gkA,test,Rick Astley,Never Gonna Give You Up,1987,sophisti-pop,Verse and Pre-Chorus,data/datasets/multtipop/test/nvgy-Ew_gkA/aligned.mid,dQw4w9WgXcQ,17.654,44.014,26.361,27,0,97,377,0,263,3
nvgyAWWZgkA,test,Lady Gaga,Monster,2009,dance pop,Chorus,data/datasets/multtipop/test/nvgyAWWZgkA/aligned.mid,mP2srT6hh2Y,63.760,96.500,32.740,0,0,128,160,61,204,2
nvgyEWNrgkA,test,Steely Dan,Doctor Wu,1975,mellow gold,Chorus,data/datasets/multtipop/test/nvgyEWNrgkA/aligned.mid,ImtdntJQfSs,62.312,90.702,28.391,266,48,60,188,51,90,4
nvgyEry_gkA,test,Phil Collins,Two Hearts,1988,rock drums,Intro,data/datasets/multtipop/test/nvgyEry_gkA/aligned.mid,SidxJz94Svs,52.763,65.943,13.179,48,51,49,173,0,45,4
nvgyWbWzokA,test,Coldplay,Square One,2005,permanent wave,Chorus,data/datasets/multtipop/test/nvgyWbWzokA/aligned.mid,zRralTaPR9I,58.840,98.400,39.560,82,254,163,440,44,161,4
nvgyYapRgkA,test,Backstreet Boys,Larger Than Life,1999,boy band,Chorus,data/datasets/multtipop/test/nvgyYapRgkA/aligned.mid,MEb2CecR11I,101.850,120.760,18.910,37,67,42,202,0,428,4
nvgyZRjzxkA,test,Kylie Minogue,Come into my world,2002,dance pop,Chorus Lead-Out,data/datasets/multtipop/test/nvgyZRjzxkA/aligned.mid,63vqob-MljQ,161.752,177.995,16.243,146,0,53,152,0,282,3
nvgyjzv-xkA,test,Jewel,Hands,1998,lilith,Pre-Outro,data/datasets/multtipop/test/nvgyjzv-xkA/aligned.mid,AfsS3pIDBfw,120.361,143.647,23.286,10,115,0,13,0,43,3
nvgynKwzxkA,test,Mariah Carey,All I Want For Christmas Is You,1994,dance pop,Verse,data/datasets/multtipop/test/nvgynKwzxkA/aligned.mid,yXQViqx6GMY,56.593,83.201,26.607,633,0,70,184,63,42,3
nvgyyrWrgkA,test,Katie Melua,Nine Million Bicycles,2005,uk pop,Verse,data/datasets/multtipop/test/nvgyyrWrgkA/aligned.mid,eHQG6-DojVw,14.990,36.440,21.450,24,149,34,149,0,110,4
qveoYPOGxdn,test,Jimmy Buffett,Fins,1979,trop rock,Pre-Chorus and Chorus,data/datasets/multtipop/test/qveoYPOGxdn/aligned.mid,ZCyuYPwI_1o,46.450,61.400,14.950,197,25,23,137,0,0,4
veoYA-zqodn,test,Genesis,Land Of Confusion,1986,art rock,Verse,data/datasets/multtipop/test/veoYA-zqodn/aligned.mid,Yq7FKO5DlV0,26.921,44.533,17.612,116,36,73,159,0,52,4
veoYPZqzxdn,test,ABBA,Super Trouper,1980,europop,Verse,data/datasets/multtipop/test/veoYPZqzxdn/aligned.mid,BshxCIjNEjY,32.497,49.604,17.107,60,237,51,99,0,55,4
veoYPblkxdn,test,Coldplay,Yellow,2000,permanent wave,Pre-Chorus,data/datasets/multtipop/test/veoYPblkxdn/aligned.mid,yKNxeF4KMsY,84.693,91.141,6.448,0,97,18,31,0,5,3
veoYdNdaxdn,test,The Killers,Jenny Was A Friend Of Mine,2004,modern rock,Chorus,data/datasets/multtipop/test/veoYdNdaxdn/aligned.mid,MQwu08Sc2vA,73.382,95.571,22.189,0,100,16,179,0,49,3
veoYdwDaxdn,test,Coldplay,Clocks,2002,permanent wave,Bridge,data/datasets/multtipop/test/veoYdwDaxdn/aligned.mid,d020hcWA_Wg,152.119,182.429,30.310,7,516,132,264,0,136,4
veoYpvwqxdn,test,Jimmy Eat World,The Authority Song,2004,modern rock,Verse,data/datasets/multtipop/test/veoYpvwqxdn/aligned.mid,AKs3G84GLVE,19.080,35.600,16.520,0,224,49,175,0,0,3
veoYqXEyodn,test,Christina Aguilera,Genie In A Bottle,1999,dance pop,Verse,data/datasets/multtipop/test/veoYqXEyodn/aligned.mid,kIDWgqDBNXA,13.200,35.870,22.670,0,0,0,339,0,321,1
veoYqXNGodn,test,Spice Girls,Who Do You Think You Are,1997,dance pop,Chorus,data/datasets/multtipop/test/veoYqXNGodn/aligned.mid,-YriinrRGug,56.400,75.670,19.270,180,577,105,230,0,137,4
yZOxVXjNmdq,test,Vangelis,La Petite Fille de la Mer,1973,synthesizer,Instrumental,data/datasets/multtipop/test/yZOxVXjNmdq/aligned.mid,kiuJHIZaN-8,111.510,159.420,47.910,228,0,0,0,0,0,1
yvgPArWLxYq,test,Smash Mouth,All Star,1999,pop rock,Verse,data/datasets/multtipop/test/yvgPArWLxYq/aligned.mid,L_jWHffIx5E,55.745,75.204,19.458,0,48,109,113,0,0,3
yvgPDbABgYq,test,Jan Hammer,Crockett's Theme,1986,jazz fusion,Chorus,data/datasets/multtipop/test/yvgPDbABgYq/aligned.mid,Lfgf9HatIHI,35.132,61.210,26.078,0,0,0,283,0,311,1
yvgPPQvKgYq,test,Toby Keith,Should've Been A Cowboy,1993,classic oklahoma country,Verse,data/datasets/multtipop/test/yvgPPQvKgYq/aligned.mid,aIq1LvzSLsk,20.320,54.110,33.790,0,243,56,150,0,5,3
yvgPQGBAxYq,test,ABBA,Our Last Summer,1980,europop,Verse,data/datasets/multtipop/test/yvgPQGBAxYq/aligned.mid,KoyNlVQbUPc,59.598,110.040,50.442,299,24,49,142,93,321,4
yvgPZLMEoYq,test,Avril Lavigne,My Happy Ending,2004,pop,Bridge,data/datasets/multtipop/test/yvgPZLMEoYq/aligned.mid,s8QYxmpuyxg,142.190,171.470,29.280,143,614,126,183,0,20,4
yvgP_RedmYq,test,Boyzone,Picture Of You,1997,boy band,Pre-Chorus and Chorus,data/datasets/multtipop/test/yvgP_RedmYq/aligned.mid,ryCIAJRTwJg,50.387,76.055,25.669,119,24,72,226,64,112,4
yvgPjKXdoYq,test,Blues Traveler,Hook,1995,pop rock,Chorus,data/datasets/multtipop/test/yvgPjKXdoYq/aligned.mid,pdz5kCaCRFM,57.754,81.912,24.158,212,366,120,134,0,0,4
yvgPlDwKgYq,test,Metallica,One,1988,rock,Chorus Lead-Out,data/datasets/multtipop/test/yvgPlDwKgYq/aligned.mid,WM8bTdBs-cw,140.153,155.252,15.099,83,0,0,83,0,238,2
yvgPlQpAgYq,test,ABBA,Bang-A-Boomerang,1975,europop,Chorus,data/datasets/multtipop/test/yvgPlQpAgYq/aligned.mid,_CsJCa2TlXU,44.722,76.555,31.833,165,165,91,308,153,22,4
yvgPqOPXxYq,test,Sara Bareilles,Love Song,2007,neo mellow,Verse,data/datasets/multtipop/test/yvgPqOPXxYq/aligned.mid,qi7Yh16dA0w,15.712,32.319,16.607,125,2,1,23,0,87,4
yvgPqZdAxYq,test,Las Ketchup,Asereje,2002,flamenco electronica,Chorus,data/datasets/multtipop/test/yvgPqZdAxYq/aligned.mid,V0PisGe66mY,35.028,61.946,26.919,312,1524,86,778,0,324,4
yvgPqwOKxYq,test,Falco,Rock Me Amadeus,1985,neue deutsche welle,Chorus,data/datasets/multtipop/test/yvgPqwOKxYq/aligned.mid,OKxBk4V79Co,48.342,71.039,22.697,48,105,59,355,0,463,4
yvgPyMwXxYq,test,Pat Benatar,Love Is A Battlefield,1992,album rock,Chorus,data/datasets/multtipop/test/yvgPyMwXxYq/aligned.mid,IGVZOLV9SPo,109.730,153.177,43.447,136,141,89,558,50,196,4
yvmrLOvzxOW,test,Rage Against The Machine,Killing In The Name,1992,rock,Pre-Chorus,data/datasets/multtipop/test/yvmrLOvzxOW/aligned.mid,bWXazVhlyxQ,88.796,100.372,11.576,0,51,16,30,0,0,3
yvmrLbMaxOW,test,Billy Idol,Rebel Yell,1983,dance rock,Verse,data/datasets/multtipop/test/yvmrLbMaxOW/aligned.mid,ESIKf_wtLnM,22.821,46.777,23.956,52,445,132,247,0,143,4
yvmrP_qVxOW,test,ABBA,Super Trouper,1980,europop,Chorus,data/datasets/multtipop/test/yvmrP_qVxOW/aligned.mid,BshxCIjNEjY,65.016,98.656,33.640,142,16,159,201,0,521,4
yvmrPjLKxOW,test,Roxette,The Look,1989,europop,Outro,data/datasets/multtipop/test/yvmrPjLKxOW/aligned.mid,LlVI7ZNiFlI,192.093,203.162,11.069,88,28,64,92,0,32,4
yvmrRRAlmOW,test,The Buggles,Video Killed The Radio Star,1979,early synthpop,Verse,data/datasets/multtipop/test/yvmrRRAlmOW/aligned.mid,W8r-tXRLazs,18.021,33.814,15.793,231,0,10,25,0,40,3
yvmrVdkZmOW,test,Nine Inch Nails,Hurt,1994,electronic rock,Outro,data/datasets/multtipop/test/yvmrVdkZmOW/aligned.mid,g0bZtf5MCzY,250.850,279.010,28.160,1,67,32,114,0,1,4
yvmrVwnlmOW,test,Elvis Presley,Suspicious Minds,1969,rockabilly,Pre-Chorus,data/datasets/multtipop/test/yvmrVwnlmOW/aligned.mid,RxOBOhRECoo,4.020,39.000,34.980,63,382,91,310,0,75,4
yvmrX-qzxOW,test,Stevie Wonder,Overjoyed,1985,motown,Pre-Chorus,data/datasets/multtipop/test/yvmrX-qzxOW/aligned.mid,cIhd5Yc5TCY,69.180,81.670,12.490,58,5,20,122,0,78,4
yvmrld_vxOW,test,Lady Gaga,The Fame,2008,dance pop,Bridge,data/datasets/multtipop/test/yvmrld_vxOW/aligned.mid,sz7N70IU6EE,139.860,156.010,16.150,0,11,80,123,37,91,3
yvmrqE_voOW,test,Smash Mouth,All Star,1999,pop rock,Intro,data/datasets/multtipop/test/yvmrqE_voOW/aligned.mid,L_jWHffIx5E,34.977,56.833,21.856,6,46,81,18,0,0,4
yvmrzJJJmOW,test,Foreigner,I Want to Know What Love Is,1984,album rock,Chorus,data/datasets/multtipop/test/yvmrzJJJmOW/aligned.mid,loWXMtjUZWM,94.360,122.220,27.860,37,0,43,122,0,239,3
zngRDJNeoJj,test,Taio Cruz,Break Your Heart,2009,dance pop,Chorus,data/datasets/multtipop/test/zngRDJNeoJj/aligned.mid,uGi-q0irHlE,48.663,73.227,24.564,75,0,65,296,0,804,3
zngRJNeAgJj,test,Starship,We Built This City,1985,soft rock,Chorus,data/datasets/multtipop/test/zngRJNeAgJj/aligned.mid,BsCBGsKSW4g,72.350,89.980,17.630,145,168,40,0,0,121,3
zngRRqREgJj,test,Alan Silvestri,Back to the Future Theme,1985,orchestral soundtrack,Instrumental,data/datasets/multtipop/test/zngRRqREgJj/aligned.mid,e8TZbze72Bc,113.390,125.350,11.960,0,0,0,2,0,417,1
zngRVeNBgJj,test,Lee Greenwood,God Bless the USA,2001,,Verse and Pre-Chorus,data/datasets/multtipop/test/zngRVeNBgJj/aligned.mid,Q65KZIqay4E,10.230,45.150,34.920,119,143,21,119,188,0,4
zngRbMyMgJj,test,Westlife,World Of Our Own,2001,boy band,Chorus,data/datasets/multtipop/test/zngRbMyMgJj/aligned.mid,Jal-vzO8bVE,46.041,66.659,20.618,382,376,55,382,0,268,4
zngRdV_poJj,test,Blondie,Call Me,1980,permanent wave,Pre-Chorus,data/datasets/multtipop/test/zngRdV_poJj/aligned.mid,StKVS0eI85I,28.412,36.131,7.719,51,91,19,112,0,16,4
zngRlAlDoJj,test,Midnight Oil,Beds Are Burning,1987,australian rock,Chorus Lead-Out,data/datasets/multtipop/test/zngRlAlDoJj/aligned.mid,ejorQVy3m8E,108.039,119.004,10.965,0,153,41,68,0,28,3
zngRvWeMgJj,test,David Bowie,Let's Dance,1983,rock,Chorus,data/datasets/multtipop/test/zngRvWeMgJj/aligned.mid,VbD_kBJc_gI,60.265,94.732,34.467,42,448,60,222,0,305,4
